url,sub_job_title,industry,job_value_avg,job_value_range_low,job_value_range_high,job_value_sample_n,job_value_template,lead_cost_low,lead_cost_high,lead_cost_note
https://www.homeadvisor.com/cost/additions-and-remodels/build-wet-bar/,How Much Does It Cost to Build a Bar in Your Home in 2024?,Remodeling/general contracting,11500,500,22500,-1,"B (range-only, avgCost is a midpoint estimate)",90,150,
https://www.homeadvisor.com/cost/outdoor-living/tar-and-chip-driveway/,Tar and Chip Driveway Cost,,1600,360,2900,0,A,,,
https://www.homeadvisor.com/cost/additions-and-remodels/build-in-law-suite/,In-Law Suite Cost,Remodeling/general contracting,82750,25000,265000,0,A,90,150,
https://www.homeadvisor.com/cost/siding/stucco-crack-repair/,Stucco Repair Cost,Siding,1629,601,2659,3350,A,105,105,
https://www.homeadvisor.com/cost/plumbing/remove-a-water-or-fuel-storage-tank/,Oil Tank Removal Cost,Plumbing,1357,593,2155,807,A,5,255,
https://www.homeadvisor.com/cost/additions-and-remodels/build-a-pool-house/,Pool House Cost,Remodeling/general contracting,72000,15000,120000,0,A,90,150,
https://www.homeadvisor.com/cost/outdoor-living/aluminum-deck/,How Much Does an Aluminum Deck Cost?,,12500,3000,22000,-1,"B (range-only, avgCost is a midpoint estimate)",,,
https://www.homeadvisor.com/cost/siding/stucco-siding/,Cost to Stucco a House,Siding,5729,2205,9261,779,A,105,105,
https://www.homeadvisor.com/cost/swimming-pools-hot-tubs-and-saunas/install-replace-pool-pump/,Pool Pump Replacement Cost,,1300,700,4000,0,A,,,
https://www.homeadvisor.com/cost/roofing/add-a-dormer/,Dormer Addition Cost,Roofing,15000,6000,25000,0,A,15,550,
https://www.homeadvisor.com/cost/landscape/trenching/,Trenching Cost,Landscaping/lawn care,950,400,1200,0,A,8,45,
https://www.homeadvisor.com/cost/heating-and-cooling/home-ac-recharge-freon-refill/,AC Recharge Cost,HVAC (AC/Heating),600,200,500,0,A,10,325,
https://www.homeadvisor.com/cost/environmental-safety/bee-removal/,Bee Removal Cost,Pest control,280,150,500,0,A,40,195,
https://www.homeadvisor.com/cost/lawn-and-garden/seed-a-lawn/,Lawn Reseeding Costs,Landscaping/lawn care,1104,591,1616,1203,A,8,45,
https://www.homeadvisor.com/cost/garages/repair-a-garage-door/,Garage Door Repair Cost,Garage door,302,194,430,42767,A,,,Industry tracked but no lead-cost data found
https://www.homeadvisor.com/cost/doors-and-windows/bay-window-price-guide/,Bay Window Cost,Window replacement,2500,2000,4000,0,A,30,350,
https://www.homeadvisor.com/cost/heating-and-cooling/install-replace-chimney-cap/,Chimney Cap Cost,HVAC (AC/Heating),300,75,500,0,A,10,325,
https://www.homeadvisor.com/cost/outdoor-living/repair-a-tennis-court/,Tennis Court Resurfacing Cost,,7541,2467,12615,26,A,,,
https://www.homeadvisor.com/cost/doors-and-windows/exterior-door/,Exterior Door Installation Cost,Door installation,3002,1409,4718,8712,A,10,60,
https://www.homeadvisor.com/cost/doors-and-windows/install-window-treatments/,Window Treatment Cost,Window replacement,732,66,1397,2899,A,30,350,
https://www.homeadvisor.com/cost/heating-and-cooling/repair-solar-panels/,Solar Panel Repair Cost,HVAC (AC/Heating),860,237,1483,786,A,10,325,
https://www.homeadvisor.com/cost/heating-and-cooling/fabricate-sheet-metal/,Sheet Metal Cost,HVAC (AC/Heating),1564,422,3018,125,A,10,325,
https://www.homeadvisor.com/cost/flooring/polished-concrete-floor-cost/,Polished Concrete Floors Cost,Flooring,4500,1000,8000,0,A,85,85,
https://www.homeadvisor.com/cost/heating-and-cooling/repair-pellet-stove/,How Much Does Pellet Stove Repair Cost?,HVAC (AC/Heating),475,150,800,-1,"B (range-only, avgCost is a midpoint estimate)",10,325,
https://www.homeadvisor.com/cost/plumbing/repair-a-toilet/,Toilet Repair Cost,Plumbing,309,179,446,5094,A,5,255,
https://www.homeadvisor.com/cost/fencing/privacy-fence/,Privacy Fence Cost,Fencing,4300,1800,8000,0,A,55,175,
https://www.homeadvisor.com/cost/heating-and-cooling/dehumidifier/,Whole-House Dehumidifier Cost,HVAC (AC/Heating),1500,1300,2800,0,A,10,325,
https://www.homeadvisor.com/cost/heating-and-cooling/roof-ridge-vent-installation/,Ridge Vent Cost,HVAC (AC/Heating),500,300,650,0,A,10,325,
https://www.homeadvisor.com/cost/heating-and-cooling/electric-furnace-prices/,Electric Furnace Cost,HVAC (AC/Heating),7239,5633,8845,352,A,10,325,
https://www.homeadvisor.com/cost/foundations/concrete-footing/,Concrete Footings Cost,,750,500,2175,0,A,,,
https://www.homeadvisor.com/cost/heating-and-cooling/repair-a-swamp-cooler/,Swamp Cooler Repair Cost,HVAC (AC/Heating),198,103,300,1227,A,10,325,
https://www.homeadvisor.com/cost/garages/install-a-concrete-driveway/,Concrete Driveway Cost,,6400,2700,14500,0,A,,,
https://www.homeadvisor.com/cost/electrical/install-a-switch/,Light Switch Replacement Cost,Electrical,147,110,188,1510,A,10,175,
https://www.homeadvisor.com/cost/heating-and-cooling/replace-heat-exchanger/,Replace a Heat Exchanger Cost,HVAC (AC/Heating),1750,1250,3000,0,A,10,325,
https://www.homeadvisor.com/cost/garages/build-rv-garage/,RV Garage Cost,,90000,36000,140000,0,A,,,
https://www.homeadvisor.com/cost/fencing/install-a-vinyl-or-pvc-fence/,Vinyl Fence Installation Cost,Fencing,6427,5880,7521,10,A,55,175,
https://www.homeadvisor.com/cost/gutters/gutter-guards/,Gutter Guard Installation Cost,Gutters,956,420,1498,3214,A,65,65,
https://www.homeadvisor.com/cost/doors-and-windows/install-double-pane-windows/,Double-Pane Windows Cost,Window replacement,1000,300,2100,0,A,30,350,
https://www.homeadvisor.com/cost/garages/repair-a-driveway/,Concrete Driveway Repair Cost,,1855,714,3035,59,A,,,
https://www.homeadvisor.com/cost/flooring/install-travertine-flooring/,Travertine Tile Flooring Installation Cost,Flooring,2000,600,3200,0,A,85,85,
https://www.homeadvisor.com/cost/doors-and-windows/garden-greenhouse-windows/,Garden Window Cost,Window replacement,2500,1200,3650,0,A,30,350,
https://www.homeadvisor.com/cost/garages/install-driveway-pavers/,Paver Driveway Cost,,12000,6000,18000,0,A,,,
https://www.homeadvisor.com/cost/doors-and-windows/repair-a-door/,Door Repair Cost,Door installation,239,132,372,18083,A,10,60,
https://www.homeadvisor.com/cost/environmental-safety/roach-fumigation/,Cockroach Exterminator Cost,,200,100,600,0,A,,,
https://www.homeadvisor.com/cost/fencing/install-dog-run/,How Much Does a Dog Run Cost?,Fencing,4540,80,9000,-1,"B (range-only, avgCost is a midpoint estimate)",55,175,
https://www.homeadvisor.com/cost/doors-and-windows/window-security-film-installation-cost/,Window Security Film Installation Cost,Window replacement,650,350,650,0,A,30,350,
https://www.homeadvisor.com/cost/home-offices/repair-a-computer-network-or-wiring/,Home Network Computer Repair Cost Calculator,,168,103,258,6752,A,,,
https://www.homeadvisor.com/cost/heating-and-cooling/dryer-vent-installation/,Dryer Vent Installation Cost,HVAC (AC/Heating),200,140,600,0,A,10,325,
https://www.homeadvisor.com/cost/doors-and-windows/security-door-prices/,Security Door Installation Cost,Door installation,1190,560,2900,0,A,10,60,
https://www.homeadvisor.com/cost/flooring/install-lvt/,How Much Does LVT Flooring Cost?,Flooring,10,3,18,-1,"B (range-only, avgCost is a midpoint estimate)",85,85,
https://www.homeadvisor.com/cost/gutters/install-gutters-and-downspouts/,Gutter Replacement Cost,Gutters,1094,637,1620,34423,A,65,65,
https://www.homeadvisor.com/cost/doors-and-windows/install-a-pocket-door/,Pocket Door Installation Cost,Door installation,1050,800,2500,0,A,10,60,
https://www.homeadvisor.com/cost/home-design-and-decor/built-in-seating/,Window Seat Cost,,2500,1000,6000,0,A,,,
https://www.homeadvisor.com/cost/flooring/repair-flooring/,Sagging Floor Repair Cost,Flooring,362,269,469,26360,A,85,85,
https://www.homeadvisor.com/cost/energy-efficiency/install-solar-panels-in-georgia/,How Much Is the Cost of Solar Panels in Georgia?,Solar,23275,20850,25700,0,"B (range-only, avgCost is a midpoint estimate)",100,100,
https://www.homeadvisor.com/cost/home-design-and-decor/hire-a-decorator-for-staging-a-home/,House Staging Cost,,1846,830,2917,415,A,,,
https://www.homeadvisor.com/cost/garages/garage-door-prices/,How Much Does Garage Door Replacement Cost in 2025?,Garage door,725,350,1100,-1,"B (range-only, avgCost is a midpoint estimate)",,,Industry tracked but no lead-cost data found
https://www.homeadvisor.com/cost/garages/install-a-garage-door-opener/,Garage Door Opener Cost,Garage door,379,218,540,11411,A,,,Industry tracked but no lead-cost data found
https://www.homeadvisor.com/cost/environmental-safety/hire-a-animal-control-service/,Wildlife Removal Cost,Pest control,672,356,999,19503,A,40,195,
https://www.homeadvisor.com/cost/electrical/recessed-lighting-installation/,Recessed Lighting Installation Cost,Electrical,180,100,300,0,A,10,175,
https://www.homeadvisor.com/cost/heating-and-cooling/firewood/,Cord of Wood Cost,HVAC (AC/Heating),300,150,500,0,A,10,325,
https://www.homeadvisor.com/cost/doors-and-windows/storm-door/,Storm Door Installation Cost,Door installation,3607,3527,3700,17,A,10,60,
https://www.homeadvisor.com/cost/doors-and-windows/sliding-glass-door/,Sliding Glass Door Cost,Door installation,1822,783,3070,1831,A,10,60,
https://www.homeadvisor.com/cost/fencing/pool-fence/,Pool Fence Cost,Fencing,4000,1500,10000,0,A,55,175,
https://www.homeadvisor.com/cost/fencing/install-a-barbed-wire-fence/,Barbed Wire Fence Cost,Fencing,3814,1612,6154,132,A,55,175,
https://www.homeadvisor.com/cost/home-design-and-decor/hire-an-interior-decorator-or-designer/,Interior Designer Cost,,8455,1957,16101,3355,A,,,
https://www.homeadvisor.com/cost/electrical/upgrade-an-electrical-panel/,Electrical Panel Replacement Cost,Electrical,1346,518,2192,25090,A,10,175,
https://www.homeadvisor.com/cost/fencing/install-board-on-board-fence/,Board-on-Board Fence Cost,Fencing,6750,1550,15600,0,A,55,175,
https://www.homeadvisor.com/cost/heating-and-cooling/ductless-mini-split-ac/,Mini-Split AC Installation Cost,HVAC (AC/Heating),3000,2000,14500,0,A,10,325,
https://www.homeadvisor.com/cost/doors-and-windows/install-a-screen/,Window Screen Replacement Cost,Window replacement,397,197,601,7528,A,30,350,
https://www.homeadvisor.com/cost/doors-and-windows/window-replacement/,How Much Does a Window Replacement Cost in 2025?,Window replacement,1200,300,2100,-1,"B (range-only, avgCost is a midpoint estimate)",30,350,
https://www.homeadvisor.com/cost/electrical/whole-house-surge-protector/,Whole-House Surge Protector Cost,Electrical,300,70,700,0,A,10,175,
https://www.homeadvisor.com/cost/foundations/crawl-space-repair-and-clean/,Crawl Space Repair,,6000,4500,8000,0,A,,,
https://www.homeadvisor.com/cost/gutters/repair-gutters-and-downspouts/,Gutter Repairs Cost Calculator,Gutters,372,170,576,12076,A,65,65,
https://www.homeadvisor.com/cost/environmental-safety/hire-an-insect-control-service/,Pest Control Cost,Pest control,172,108,261,28933,A,40,195,
https://www.homeadvisor.com/cost/heating-and-cooling/wood-boiler-cost/,Outdoor Wood Furnace Cost,HVAC (AC/Heating),12000,8000,20000,0,A,10,325,
https://www.homeadvisor.com/cost/heating-and-cooling/repair-a-window-air-conditioner/,Window Air Conditioner Repair Cost,HVAC (AC/Heating),219,126,312,663,A,10,325,
https://www.homeadvisor.com/cost/flooring/repair-wood-flooring/,Hardwood Floor Repair Cost,Flooring,1179,476,1888,3112,A,85,85,
https://www.homeadvisor.com/cost/heating-and-cooling/install-a-whole-house-fan/,Whole-House Fan Cost,HVAC (AC/Heating),1700,900,2400,0,A,10,325,
https://www.homeadvisor.com/cost/doors-and-windows/install-replace-patio-doors/,Patio Door Replacement Cost,Door installation,2500,1550,6250,0,A,10,60,
https://www.homeadvisor.com/cost/heating-and-cooling/chimney-repair/,Chimney Repair Cost,HVAC (AC/Heating),455,160,750,0,A,10,325,
https://www.homeadvisor.com/cost/handyman/install-weather-stripping/,Weatherstripping Cost,Handyman,422,225,625,49,A,30,30,
https://www.homeadvisor.com/cost/flooring/repair-ceramic-or-porcelain-tile/,Ceramic or Porcelain Tile Repair Cost Calculator,Flooring,430,380,480,3532,A,85,85,
https://www.homeadvisor.com/cost/foundations/raise-a-foundation/,Cost to Raise a House,,7629,3532,11847,1110,A,,,
https://www.homeadvisor.com/cost/heating-and-cooling/repair-a-boiler/,Boiler Service Cost,HVAC (AC/Heating),390,160,626,5252,A,10,325,
https://www.homeadvisor.com/cost/doors-and-windows/install-shutters/,Shutter Installation Cost Calculator,Door installation,2508,1033,4028,1636,A,10,60,
https://www.homeadvisor.com/cost/environmental-safety/bat-removal/,Bat Removal Cost,,164,90,275,2199,A,,,
https://www.homeadvisor.com/cost/heating-and-cooling/pellet-stove/,Pellet Stove Cost,HVAC (AC/Heating),2327,1009,3667,466,A,10,325,
https://www.homeadvisor.com/cost/flooring/restore-and-polish-stone/,Stone Restoration Cost,Flooring,769,433,1111,115,A,85,85,
https://www.homeadvisor.com/cost/heating-and-cooling/convert-wood-fireplace-to-gas/,Wood to Gas Fireplace Conversion Cost,HVAC (AC/Heating),3000,500,5500,0,A,10,325,
https://www.homeadvisor.com/cost/fencing/repair-a-chain-link-fence/,Chain Link Fence Repair Cost,Fencing,412,237,587,1355,A,55,175,
https://www.homeadvisor.com/cost/environmental-safety/bed-bug-treatment/,Bed Bug Treatment Cost,,2500,1000,4000,0,A,,,
https://www.homeadvisor.com/cost/flooring/install-flooring/,Flooring Installation Costs,Flooring,4065,2136,6264,42402,A,85,85,
https://www.homeadvisor.com/cost/inspectors-and-appraisers/hire-a-home-inspector/,Home Inspection Cost,,313,265,375,34575,A,,,
https://www.homeadvisor.com/cost/heating-and-cooling/repair-an-attic-fan/,Attic Fan Repair Cost,HVAC (AC/Heating),321,211,453,79,A,10,325,
https://www.homeadvisor.com/cost/doors-and-windows/install-triple-pane-windows/,Triple-Pane Window Cost,Window replacement,1950,300,3000,0,A,30,350,
https://www.homeadvisor.com/cost/heating-and-cooling/chimney-rebuild/,Chimney Replacement Cost,HVAC (AC/Heating),9300,3100,15400,0,A,10,325,
https://www.homeadvisor.com/cost/heating-and-cooling/repoint-or-tuckpoint/,Repointing Brick Cost,HVAC (AC/Heating),1450,400,2500,0,A,10,325,
https://www.homeadvisor.com/cost/disaster-recovery/repair-fire-and-smoke-damage/,Fire Damage Restoration Cost,Water damage/restoration,27477,3083,52031,305,A,150,2250,
https://www.homeadvisor.com/cost/foundations/install-crawl-space-encapsulation/,Crawl Space Encapsulation Cost,,5500,5000,15000,0,A,,,
https://www.homeadvisor.com/cost/foundations/convert-crawl-space-to-basement/,Crawl Space to Basement Conversion Cost,,105000,83000,128000,0,A,,,
https://www.homeadvisor.com/cost/fencing/install-a-chain-link-fence/,Chain Link Fence Cost,Fencing,2106,1336,3133,4008,A,55,175,
https://www.homeadvisor.com/cost/garages/metal-carport/,Metal Carport Installation Cost,,5400,2700,7800,0,A,,,
https://www.homeadvisor.com/cost/electrical/electrical-inspection/,Electrical Inspection Cost,Electrical,150,100,400,0,A,10,175,
https://www.homeadvisor.com/cost/doors-and-windows/repair-windows/,Window Repair Cost Calculator,Window replacement,290,144,442,3036,A,30,350,
https://www.homeadvisor.com/cost/fencing/repair-a-wood-fence/,Wood Fence Repair Cost,Fencing,610,304,938,0,A,55,175,
https://www.homeadvisor.com/cost/heating-and-cooling/electric-fireplace/,Electric Fireplace Cost,HVAC (AC/Heating),1000,200,2200,0,A,10,325,
https://www.homeadvisor.com/cost/doors-and-windows/bow-windows/,Bow Window Cost,Window replacement,3900,1500,15000,0,A,30,350,
https://www.homeadvisor.com/cost/energy-efficiency/install-solar-battery-storage/,Solar Battery Cost,Solar,10000,6000,12000,0,A,100,100,
https://www.homeadvisor.com/cost/doors-and-windows/install-door-window-trim/,Install Window Trim Cost,Window replacement,900,500,1200,0,A,30,350,
https://www.homeadvisor.com/cost/garages/install-an-electric-vehicle-charging-station/,Electric Car Charger Installation Cost,,1158,736,1599,4445,A,,,
https://www.homeadvisor.com/cost/electrical/install-or-repair-a-home-automation-system/,Smart Home Cost Calculator,Electrical,483,315,820,388,A,10,175,
https://www.homeadvisor.com/cost/environmental-safety/remodel-for-disability-accommodation/,Widening a Doorway Cost Calculator,,4370,701,8056,403,A,,,
https://www.homeadvisor.com/cost/doors-and-windows/screen-door-prices/,Screen Door Installation Cost,Door installation,300,100,1500,0,A,10,60,
https://www.homeadvisor.com/cost/garages/install-a-glass-garage-door/,Glass Garage Door Cost Calculator,Garage door,4500,2500,8000,0,A,,,Industry tracked but no lead-cost data found
https://www.homeadvisor.com/cost/foundations/level-concrete-slabs/,Mudjacking Cost,,2775,1616,4418,2635,A,,,
https://www.homeadvisor.com/cost/energy-efficiency/install-solar-panels-in-florida/,How Much Do Solar Panels Cost in Florida?,Solar,28580,19640,37520,0,"B (range-only, avgCost is a midpoint estimate)",100,100,
https://www.homeadvisor.com/cost/environmental-safety/flea-exterminator/,Flea Exterminator Cost,,270,75,400,0,A,,,
https://www.homeadvisor.com/cost/electrical/install-under-cabinet-lighting/,Under-Cabinet Lighting Cost,Electrical,265,230,300,0,A,10,175,
https://www.homeadvisor.com/cost/inspectors-and-appraisers/chimney-inspection/,Chimney Inspection Cost,,450,100,5000,0,A,,,
https://www.homeadvisor.com/cost/disability-accommodation/repair-an-elevator-or-stair-lift/,Home Elevator Maintenance Cost,,510,300,760,0,A,,,
https://www.homeadvisor.com/cost/heating-and-cooling/home-ac-compressor-replacement-repair/,AC Compressor Cost,HVAC (AC/Heating),1200,800,2300,0,A,10,325,
https://www.homeadvisor.com/cost/flooring/install-limestone-flooring/,Limestone Flooring Installation Cost,Flooring,8300,7200,9700,0,A,85,85,
https://www.homeadvisor.com/cost/disaster-recovery/repair-water-damage/,Water Damage Restoration Cost Calculator,Water damage/restoration,3868,1383,6369,1501,A,150,2250,
https://www.homeadvisor.com/cost/doors-and-windows/replace-window-glass/,Window Glass Replacement Cost,Window replacement,361,229,499,13630,A,30,350,
https://www.homeadvisor.com/cost/electrical/gfci-outlet-cost/,GFCI Outlet Cost,Electrical,210,130,300,0,A,10,175,
https://www.homeadvisor.com/cost/cabinets-and-countertops/solid-surface-countertops/,Solid Surface Countertops Cost,,3757,2065,5689,620,A,,,
https://www.homeadvisor.com/cost/roofing/roof-truss-prices/,Roof Truss Cost,Roofing,16500,7500,35000,0,A,15,550,
https://www.homeadvisor.com/cost/doors-and-windows/repair-a-window-frame/,Window Frame Replacement Cost,Window replacement,474,237,715,298,A,30,350,
https://www.homeadvisor.com/cost/bathrooms/cultured-marble-shower-walls/,Cultured Marble Cost,Remodeling/general contracting,1850,1280,2150,0,A,90,150,
https://www.homeadvisor.com/cost/electrical/install-electrical-wiring-or-panel/,Rewiring a House Cost Calculator,Electrical,1482,674,2351,9560,A,10,175,
https://www.homeadvisor.com/cost/doors-and-windows/install-a-skylight/,Skylight Installation Cost,Door installation,3199,1208,5322,31,A,10,60,
https://www.homeadvisor.com/cost/outdoor-living/build-a-gazebo/,Gazebo Cost,,4211,1080,8125,211,A,,,
https://www.homeadvisor.com/cost/cleaning-services/clean-construction-site/,Post-Construction Cleaning Cost,,722,647,872,3079,A,,,
https://www.homeadvisor.com/cost/insulation/install-spray-foam-insulation/,Spray Foam Insulation Cost,,2904,1638,4256,4051,A,,,
https://www.homeadvisor.com/cost/landscape/mulch-delivery-install/,Mulching Cost,Landscaping/lawn care,180,100,350,0,A,8,45,
https://www.homeadvisor.com/cost/outdoor-living/refinish-a-deck/,Deck Refinishing Cost,,980,900,2720,0,A,,,
https://www.homeadvisor.com/cost/heating-and-cooling/install-an-attic-fan/,Attic Fan Installation Cost,HVAC (AC/Heating),387,293,481,2807,A,10,325,
https://www.homeadvisor.com/cost/outdoor-living/build-a-patio-enclosure/,Enclosed Porch Cost,,16956,9390,26269,2987,A,,,
https://www.homeadvisor.com/cost/landscape/stump-grinding/,Stump Grinding Cost,Landscaping/lawn care,250,120,500,0,A,8,45,
https://www.homeadvisor.com/cost/walls-and-ceilings/repair-a-wall/,Drywall Repair Cost Calculator,,1121,626,1700,15303,A,,,
https://www.homeadvisor.com/cost/walls-and-ceilings/remove-popcorn-ceiling/,Popcorn Ceiling Removal Cost,,2121,956,3347,4093,A,,,
https://www.homeadvisor.com/cost/kitchens/kitchen-designer/,Kitchen Design Cost,Remodeling/general contracting,20574,8500,33453,417,A,90,150,
https://www.homeadvisor.com/cost/walls-and-ceilings/install-baseboard/,Baseboard Cost,,1100,800,2250,0,A,,,
https://www.homeadvisor.com/cost/roofing/copper-roof/,Copper Roof Cost,Roofing,55000,45000,90000,0,A,15,550,
https://www.homeadvisor.com/cost/disability-accommodation/install-dumbwaiter/,Dumbwaiter Installation Cost,,10000,8000,12000,0,A,,,
https://www.homeadvisor.com/cost/walls-and-ceilings/texture-drywall/,Drywall Texturing Cost,,625,575,675,0,A,,,
https://www.homeadvisor.com/cost/stairs-and-railings/attic-ladder-installation/,Attic Ladder Installation Cost,,500,400,1000,0,A,,,
https://www.homeadvisor.com/cost/cleaning-services/apartment/,Apartment Cleaning Cost,,125,75,175,0,A,,,
https://www.homeadvisor.com/cost/electrical/install-a-generator/,Whole-House Generator Cost,Electrical,7128,4490,10162,4367,A,10,175,
https://www.homeadvisor.com/cost/swimming-pools-hot-tubs-and-saunas/inground-pool/,In-Ground Pool Cost,,127700,71400,184000,1467,A,,,
https://www.homeadvisor.com/cost/electrical/hire-an-electrician/,Electrician Cost,Electrical,351,163,538,102028,A,10,175,
https://www.homeadvisor.com/cost/cleaning-services/clean-gutters-and-downspouts/,Gutter Cleaning Cost,,191,122,309,37459,A,,,
https://www.homeadvisor.com/cost/bathrooms/install-a-bath-fan/,Bathroom Fan Installation Cost,Remodeling/general contracting,429,286,617,2564,A,90,150,
https://www.homeadvisor.com/cost/cleaning-services/clean-carpeting/,Carpet Cleaning Cost,Carpet cleaning,221,152,306,49584,A,25,25,
https://www.homeadvisor.com/cost/additions-and-remodels/gut-a-house/,Cost to Gut a House,Remodeling/general contracting,3000,1100,5100,0,A,90,150,
https://www.homeadvisor.com/cost/cleaning-services/housekeeping-services/,Housekeeper Cost,,200,120,280,0,A,,,
https://www.homeadvisor.com/cost/cleaning-services/furniture-mattress-removal/,Furniture Removal Cost Calculator,,180,75,250,0,A,,,
https://www.homeadvisor.com/cost/additions-and-remodels/convert-duplex-single-family/,Convert a Duplex to Single-Family Home Cost,Remodeling/general contracting,92500,50000,135000,0,A,90,150,
https://www.homeadvisor.com/cost/outbuildings/shed-prices/,Cost to Build a Shed,,3500,1000,15000,0,A,,,
https://www.homeadvisor.com/cost/environmental-safety/remove-toxic-lead/,Lead Paint Removal Cost,,3499,1478,5520,62,A,,,
https://www.homeadvisor.com/cost/handyman/hire-a-handyman/,Handyperson Cost,Handyman,506,218,795,104317,A,30,30,
https://www.homeadvisor.com/cost/garages/install-a-driveway/,Driveway Paving Cost,,5612,3224,8116,22656,A,,,
https://www.homeadvisor.com/cost/architects-and-engineers/hire-a-draftsperson/,Blueprints Cost,,1212,562,1863,568,A,,,
https://www.homeadvisor.com/cost/kitchens/install-microwave/,Microwave Installation Cost,Remodeling/general contracting,175,127,224,1767,A,90,150,
https://www.homeadvisor.com/cost/basements/remodel-a-basement/,Basement Remodel Cost,,31238,18095,48746,7262,A,,,
https://www.homeadvisor.com/cost/cabinets-and-countertops/silestone-countertops-installation-cost/,Silestone® Countertops Cost,,3700,1800,5600,0,A,,,
https://www.homeadvisor.com/cost/architects-and-engineers/hire-an-engineer/,Structural Engineer Cost,,534,347,746,4560,A,,,
https://www.homeadvisor.com/cost/doors-and-windows/install-windows/,Window Installation Cost Calculator,Window replacement,6127,3111,9211,18824,A,30,350,
https://www.homeadvisor.com/cost/landscape/stump-grinder-rental/,Stump Grinder Rental Cost,Landscaping/lawn care,300,90,400,0,A,8,45,
https://www.homeadvisor.com/cost/cabinets-and-countertops/caesarstone-countertop-prices/,Caesarstone Countertop Installation Cost,,2500,1900,4800,0,A,,,
https://www.homeadvisor.com/cost/bathrooms/toilet-prices/,How Much Does a Toilet Cost?,Remodeling/general contracting,795,90,1500,-1,"B (range-only, avgCost is a midpoint estimate)",90,150,
https://www.homeadvisor.com/cost/cleaning-services/clean-windows/,Window Cleaning Cost,,218,155,295,26006,A,,,
https://www.homeadvisor.com/cost/swimming-pools-hot-tubs-and-saunas/build-a-swimming-pool/,Pool Installation Cost,,41835,25002,58866,3035,A,,,
https://www.homeadvisor.com/cost/heating-and-cooling/attic-insulation/,Attic Insulation Cost,HVAC (AC/Heating),2100,1700,2500,0,A,10,325,
https://www.homeadvisor.com/cost/architects-and-engineers/test-soil/,Soil Testing Cost,,764,651,876,52,A,,,
https://www.homeadvisor.com/cost/outdoor-living/repair-a-deck/,Deck Replacement Cost,,2246,890,3664,15365,A,,,
https://www.homeadvisor.com/cost/landscape/clear-land-or-prepare-a-construction-site/,Land Clearing Cost,Landscaping/lawn care,16500,3000,30000,2425,A,8,45,
https://www.homeadvisor.com/cost/kitchens/washer-dryer-installation/,Washer and Dryer Installation Cost,Remodeling/general contracting,750,350,1150,0,A,90,150,
https://www.homeadvisor.com/cost/swimming-pools-hot-tubs-and-saunas/plunge-pool/,Plunge Pool Cost,,28000,10000,40000,0,A,,,
https://www.homeadvisor.com/cost/siding/log-siding-prices/,How Much Does Log Siding Cost?,Siding,14250,5000,23500,-1,"B (range-only, avgCost is a midpoint estimate)",105,105,
https://www.homeadvisor.com/cost/swimming-pools-hot-tubs-and-saunas/spool-pool/,Spool Pool Installation Cost,,22650,5500,50000,0,A,,,
https://www.homeadvisor.com/cost/walls-and-ceilings/install-a-concrete-wall/,Concrete Wall Installation Cost,,8354,3068,14512,211,A,,,
https://www.homeadvisor.com/cost/cleaning-services/remove-waste/,Junk Removal Cost,,499,216,783,44873,A,,,
https://www.homeadvisor.com/cost/additions-and-remodels/hire-a-construction-manager/,Construction Management Cost,Remodeling/general contracting,58700,2770,128612,109,A,90,150,
https://www.homeadvisor.com/cost/cleaning-services/pressure-wash-driveway/,Pressure Wash a Driveway Cost,,210,100,350,0,A,,,
https://www.homeadvisor.com/cost/electrical/repair-a-lighting-fixture/,Lighting Fixture Repair Cost Calculator,Electrical,199,125,277,3332,A,10,175,
https://www.homeadvisor.com/cost/bathrooms/remodel-a-bathroom/,Bathroom Remodel Cost,Remodeling/general contracting,12652,7082,18245,28397,A,90,150,
https://www.homeadvisor.com/cost/landscape/install-landscaping/,Landscaping Cost,Landscaping/lawn care,3420,1154,5686,32796,A,8,45,
https://www.homeadvisor.com/cost/roofing/metal-roof-installation/,Metal Roof Cost,Roofing,10733,6400,15066,4410,A,15,550,
https://www.homeadvisor.com/cost/inspectors-and-appraisers/hire-a-property-appraiser/,Home Appraisal Cost Calculator,,514,438,623,7370,A,,,
https://www.homeadvisor.com/cost/cleaning-services/deep-cleaning-a-house/,How Much Does It Cost to Deep Clean a House in 2026?,,300,200,400,-1,"B (range-only, avgCost is a midpoint estimate)",,,
https://www.homeadvisor.com/cost/architects-and-engineers/hire-a-land-surveyor/,Land Survey Cost,,381,324,441,4117,A,,,
https://www.homeadvisor.com/cost/roofing/fascia-soffit-install-repair/,Fascia Board Replacement Cost,Roofing,2500,1050,3300,0,A,15,550,
https://www.homeadvisor.com/cost/foundations/install-a-foundation/,Building a Foundation Costs,,13621,6566,21163,885,A,,,
https://www.homeadvisor.com/cost/lawn-and-garden/aerate-a-lawn/,Lawn Aeration Cost,Landscaping/lawn care,232,139,347,3529,A,8,45,
https://www.homeadvisor.com/cost/environmental-safety/test-or-remove-asbestos/,Asbestos Testing Cost,,798,769,848,2504,A,,,
https://www.homeadvisor.com/cost/stairs-and-railings/build-stairs-or-railings/,Stair Replacement Cost,,1872,1054,2847,4988,A,,,
https://www.homeadvisor.com/cost/bathrooms/install-glass-blocks-or-tiles/,Glass Block Windows Cost,Remodeling/general contracting,728,469,987,496,A,90,150,
https://www.homeadvisor.com/cost/cleaning-services/move-out-cleaning/,Move-Out Cleaning Cost,,360,120,420,0,A,,,
https://www.homeadvisor.com/cost/roofing/flat-roof/,Flat Roof Replacement Cost,Roofing,8875,8875,8875,1923,A,15,550,
https://www.homeadvisor.com/cost/siding/cedar-shake-shingles/,Cedar Shake Siding Cost,Siding,13000,16500,29500,0,A,105,105,
https://www.homeadvisor.com/cost/bathrooms/install-a-glass-shower-door/,Glass Shower Door Installatio,Remodeling/general contracting,904,510,1323,4341,A,90,150,
https://www.homeadvisor.com/cost/roofing/metal-roof-repair/,Metal Roof Repair Cost,Roofing,2595,1065,4125,2358,A,15,550,
https://www.homeadvisor.com/cost/architects-and-engineers/get-a-building-permit/,Building Permit Cost,,1650,530,3040,0,A,,,
https://www.homeadvisor.com/cost/outdoor-living/stone-patios/,Stone Patio Cost,,9000,6250,11500,0,A,,,
https://www.homeadvisor.com/cost/environmental-safety/test-or-remove-toxic-lead/,Lead Paint Inspection Cost,,339,240,438,473,A,,,
https://www.homeadvisor.com/cost/kitchens/repair-replace-ice-maker/,Ice Maker Repair Cost,Remodeling/general contracting,260,200,300,0,A,90,150,
https://www.homeadvisor.com/cost/bathrooms/refinish-a-bathtub/,Bathtub Refinishing Cost,Remodeling/general contracting,584,400,773,7360,A,90,150,
https://www.homeadvisor.com/cost/walls-and-ceilings/install-a-brick-stone-or-block-wall/,Brick Wall Cost,,7145,3512,11466,3042,A,,,
https://www.homeadvisor.com/cost/cleaning-services/install-a-central-air-cleaner/,Whole-Home Air Purifier Cost,,2965,288,5770,734,A,,,
https://www.homeadvisor.com/cost/walls-and-ceilings/repair-carpentry-framing/,Repair Dry Rot Cost,,1114,555,1784,3156,A,,,
https://www.homeadvisor.com/cost/roofing/asphalt-shingles-install-replace/,Shingle Roof Replacement Cost Calculator,Roofing,9928,5866,14493,34773,A,15,550,
https://www.homeadvisor.com/cost/kitchens/,Kitchen Installation Cost,,65000,35000,95000,0,A,,,
https://www.homeadvisor.com/cost/landscape/excavate-land/,Excavation Cost,Landscaping/lawn care,3970,1658,6707,3442,A,8,45,
https://www.homeadvisor.com/cost/cleaning-services/clean-a-roof/,Cost to Pressure Clean a Roof,,228,145,329,9130,A,,,
https://www.homeadvisor.com/cost/swimming-pools-hot-tubs-and-saunas/install-a-hot-tub/,Hot Tub Installation Cost,,2300,4200,1900,0,A,,,
https://www.homeadvisor.com/cost/siding/stone-veneer-siding/,Stone Veneer Siding Costs,Siding,16000,13000,22000,0,A,105,105,
https://www.homeadvisor.com/cost/roofing/install-a-roof/,Roof Replacement Cost,Roofing,17949,5466,30455,64268,A,15,550,
https://www.homeadvisor.com/cost/bathrooms/install-a-bathtub-or-shower-liner/,Shower or Bathtub Liner Cost,Remodeling/general contracting,6394,2681,10147,1301,A,90,150,
https://www.homeadvisor.com/cost/cleaning-services/solar-panel-maintenance/,Solar Panel Maintenance Cost,Solar,520,390,720,0,A,100,100,
https://www.homeadvisor.com/cost/environmental-safety/remove-mold-and-toxic-materials/,Mold Remediation Cost,Mold removal,2619,1590,3920,7946,A,75,650,
https://www.homeadvisor.com/cost/cleaning-services/estate-cleanout/,Estate Clean-Out Cost,,1250,275,4000,0,A,,,
https://www.homeadvisor.com/cost/stairs-and-railings/wrought-iron-railings/,Wrought Iron Railing Installation Cost,,2600,1600,4600,0,A,,,
https://www.homeadvisor.com/cost/walls-and-ceilings/drywall-installation-hanging/,Drywall Installation Cost Calculator,,1917,1086,2889,14712,A,,,
https://www.homeadvisor.com/cost/bathrooms/retile-bathroom-shower/,Shower Tiling Cost,Remodeling/general contracting,2700,1800,5000,0,A,90,150,
https://www.homeadvisor.com/cost/cleaning-services/clean-chimney/,Chimney Sweep Cost,,254,129,381,19349,A,,,
https://www.homeadvisor.com/cost/outdoor-living/build-a-deck/,Deck Building Cost,,7241,4067,10414,20470,A,,,
https://www.homeadvisor.com/cost/additions-and-remodels/bump-out-addition/,Bump-Out Addition Cost,Remodeling/general contracting,27000,10000,43000,0,A,90,150,
https://www.homeadvisor.com/cost/painting/paint-a-home-interior/,Interior Paint Cost,,1915,981,2895,65268,A,,,
https://www.homeadvisor.com/cost/kitchens/chest-freezer-installation/,Deep Freezer Cost,Remodeling/general contracting,675,450,1340,0,A,90,150,
https://www.homeadvisor.com/cost/kitchens/remodel-a-kitchen/,Kitchen Remodel Cost,Remodeling/general contracting,26885,16486,40336,13114,A,90,150,
https://www.homeadvisor.com/cost/cleaning-services/clean-furniture/,Upholstery Cleaning Cost,,200,131,270,8687,A,,,
https://www.homeadvisor.com/cost/plumbing/install-a-sump-pump/,Sump Pump Replacement Cost,Plumbing,1405,499,2334,1694,A,5,255,
https://www.homeadvisor.com/cost/safety-and-security/install-fire-protection/,Fire Sprinkler System Cost,,744,182,1420,208,A,,,
https://www.homeadvisor.com/cost/electrical/install-an-outlet/,Outlet Installation Cost,Electrical,229,138,320,4702,A,10,175,
https://www.homeadvisor.com/cost/patios-and-walkways/install-concrete-patio/,Concrete Patio Cost Calculator,,3556,1919,5394,18411,A,,,
https://www.homeadvisor.com/cost/walls-and-ceilings/hire-carpenter/,Carpenter Hourly Cost,,100,75,125,0,A,,,
https://www.homeadvisor.com/cost/walls-and-ceilings/repair-brick-work/,Brick Wall Repair Cost,,2604,2604,2604,4784,A,,,
https://homeadvisor.com/cost/kitchens/remodel-a-kitchen/,Kitchen Remodel Cost,,26944,14589,41555,13115,A,,,
http://homeadvisor.com/cost/kitchens/remodel-a-kitchen/,Kitchen Remodel Cost,,26944,14589,41555,13115,A,,,
https://www.homeadvisor.com/cost/cleaning-services/clean-dryer-vents,Dryer Vent Cleaning Cost,,149,100,200,15437,A,,,
https://www.homeadvisor.com/cost/cleaning-services/rent-a-dumpster,Dumpster Rental Cost,,267,238,311,5003,A,,,
https://www.homeadvisor.com/cost/outdoor-living/build-balcony/,Balcony Cost,,14000,8000,25000,0,A,,,
https://www.homeadvisor.com/cost/swimming-pools-hot-tubs-and-saunas/remove-and-fill-in-pool/,Pool Fill-In Cost,,8000,4000,12000,0,A,,,
https://www.homeadvisor.com/cost/garages/gravel-driveway-road/,Gravel Driveway Cost Calculator,,1800,500,3500,0,A,,,
https://www.homeadvisor.com/cost/basements/remodel-a-basement,Basement Remodel Cost,,31238,18095,48746,7262,A,,,
https://www.homeadvisor.com/cost/walls-and-ceilings/soundproof-a-room/,Soundproofing a Room Costs,,2472,1436,3566,194,A,,,
https://www.homeadvisor.com/cost/heating-and-cooling/install-a-fireplace-or-woodstove/,Wood-Burning Stove Installation Cost,HVAC (AC/Heating),2668,1274,4200,1640,A,10,325,
https://www.homeadvisor.com/cost/doors-and-windows/smart-glass/,Smart Glass Cost Calculator,Door installation,100,50,150,0,A,10,60,
https://www.homeadvisor.com/cost/heating-and-cooling/repair-a-geothermal-heating-or-cooling-system/,Geothermal HVAC System Repair Cost Calculator,HVAC (AC/Heating),3032,238,6525,257,A,10,325,
https://www.homeadvisor.com/cost/cabinets-and-countertops/butcher-block/,Install Butcher Block Countertops Cost,,3750,1200,5000,0,A,,,
https://www.homeadvisor.com/cost/walls-and-ceilings/coffered-ceiling/,Coffered Ceiling Cost,,3750,3000,4500,0,A,,,
https://www.homeadvisor.com/cost/cabinets-and-countertops/laminate-countertops/,Laminate Countertops Cost,,1251,841,1748,1643,A,,,
https://www.homeadvisor.com/cost/landscape/install-a-water-fountain/,Water Fountain Installation Cost,Landscaping/lawn care,2847,927,4972,0,A,8,45,
https://www.homeadvisor.com/cost/attics/,Attic Finishing Cost,,20000,7500,35000,0,A,,,
https://www.homeadvisor.com/cost/home-offices/install-a-computer-network-or-wiring/,Ethernet Installation Cost,,516,215,825,2989,A,,,
https://www.homeadvisor.com/cost/fencing/repair-an-aluminum-or-steel-fence/,Aluminum Fence Repair Cost Calculator,Fencing,803,410,1196,384,A,55,175,
https://www.homeadvisor.com/cost/heating-and-cooling/replace-air-handler-fan-coil-unit/,Air Handler Replacement Cost,HVAC (AC/Heating),2800,1800,3500,0,A,10,325,
https://www.homeadvisor.com/cost/plumbing/install-a-water-main/,Main Line Water Replacement Cost,Plumbing,1192,591,1878,5494,A,5,255,
https://www.homeadvisor.com/cost/landscape/install-stone-retaining-wall/,Stone Wall Cost,Landscaping/lawn care,5025,3650,6420,0,A,8,45,
https://www.homeadvisor.com/cost/painting/paint-ceiling/,Ceiling Painting Cost,,250,200,500,0,A,,,
https://www.homeadvisor.com/cost/garages/remodel-a-garage/,Garage Renovation Cost Calculator,,16659,6006,27726,956,A,,,
https://www.homeadvisor.com/cost/cabinets-and-countertops/install-copper-countertops/,Copper Countertops Installation Cost,,7500,6650,8400,0,A,,,
https://www.homeadvisor.com/cost/lawn-and-garden/remove-leaves/,Leaf Removal Cost,Landscaping/lawn care,299,175,445,124,A,8,45,
https://www.homeadvisor.com/cost/outdoor-living/raised-patio/,How Much Does a Raised Patio Cost?,,47,10,85,0,"B (range-only, avgCost is a midpoint estimate)",,,
https://www.homeadvisor.com/cost/heating-and-cooling/repair-a-heat-pump/,Heat Pump Repair Cost,HVAC (AC/Heating),410,161,661,4009,A,10,325,
https://www.homeadvisor.com/cost/storage-and-organization/hire-a-professional-organizer/,Professional Organizer Cost Calculator,,483,253,745,2939,A,,,
https://www.homeadvisor.com/cost/landscape/install-landscape-curbing/,Landscape Curbing Cost,Landscaping/lawn care,2065,1031,3100,1114,A,8,45,
https://www.homeadvisor.com/cost/electrical/hire-an-electrician/?zip=undefined,Electrician Cost,Electrical,351,163,538,102028,A,10,175,
https://www.homeadvisor.com/cost/outdoor-living/basketball-sport-court/,Backyard Basketball Court Cost,,35000,8600,42000,0,A,,,
https://www.homeadvisor.com/cost/kitchens/build-kitchen-island/,Kitchen Island Cost,Remodeling/general contracting,4800,900,6500,0,A,90,150,
https://www.homeadvisor.com/cost/cabinets-and-countertops/quartz-countertops/,Quartz Countertops Cost,,4500,1500,8000,0,A,,,
https://www.homeadvisor.com/cost/swimming-pools-hot-tubs-and-saunas/repair-a-vinyl-liner-for-a-swimming-pool/,Pool Liner Replacement Cost,,3732,2426,5386,1676,A,,,
https://www.homeadvisor.com/cost/painting/apply-whiteboard-paint/,How Much Does It Cost to Apply Whiteboard Paint?,,160,20,300,-1,"B (range-only, avgCost is a midpoint estimate)",,,
https://www.homeadvisor.com/cost/living-rooms/repair-a-tv-antenna/,Repair a TV Antenna Cost Calculator,,211,121,300,532,A,,,
https://www.homeadvisor.com/cost/storage-and-organization/ship-a-car/,Car Shipping Cost,,1190,1000,2000,0,A,,,
https://www.homeadvisor.com/cost/basements/,Basement Finishing Cost,,32000,15000,75000,0,A,,,
https://www.homeadvisor.com/cost/outdoor-living/build-a-dock/,Boat Dock Building Cost,,14835,3981,25690,178,A,,,
https://www.homeadvisor.com/cost/cleaning-services/sandblast-an-exterior-surface/,Sandblasting Cost,,864,395,1333,133,A,,,
https://www.homeadvisor.com/cost/additions-and-remodels/add-new-story/,Second Story Addition Cost,Remodeling/general contracting,175000,100000,250000,0,A,90,150,
https://www.homeadvisor.com/cost/outdoor-living/repair-an-awning/,Awning Repair Cost,,600,240,1190,0,A,,,
https://www.homeadvisor.com/cost/landscape/xeriscaping/,Xeriscaping Cost,Landscaping/lawn care,17000,5000,24000,0,A,8,45,
https://www.homeadvisor.com/cost/plumbing/install-ejector-pump/,Sewer Ejector Pump Cost,Plumbing,2300,850,3500,0,A,5,255,
https://www.homeadvisor.com/cost/plumbing/repair-a-sump-pump/,Sump Pump Repair Cost Calculator,Plumbing,366,300,500,5049,A,5,255,
https://www.homeadvisor.com/cost/painting/paint-a-mural-or-tromp-loeil/,Mural Cost,,1259,718,1840,193,A,,,
https://www.homeadvisor.com/cost/outdoor-living/install-an-awning/,Awning Installation Cost,,2438,1575,3728,2982,A,,,
https://www.homeadvisor.com/cost/outdoor-living/ipe-decking/,Ipe Decking Cost,,14,10,25,0,A,,,
https://www.homeadvisor.com/cost/storage-and-organization/packing-unpacking-service/,How Much Do Packers and Movers Cost in 2024?,,1235,270,2200,-1,"B (range-only, avgCost is a midpoint estimate)",,,
https://www.homeadvisor.com/cost/outdoor-living/awning-fabric/,Awning Fabric Replacement Cost,,784,279,1295,0,A,,,
https://www.homeadvisor.com/cost/environmental-safety/test-indoor-air-quality/,Indoor Air Quality Test Cost,,443,303,616,1479,A,,,
https://www.homeadvisor.com/cost/kitchens/repair-an-appliance/,Appliance Repair Cost Estimator,Appliance repair,154,104,231,70854,A,22,85,
https://www.homeadvisor.com/cost/lawn-and-garden/fertilize-a-lawn/,Lawn Fertilizing Cost,Landscaping/lawn care,356,142,570,104,A,8,45,
https://www.homeadvisor.com/cost/plumbing/steam-shower-installation/,Steam Shower Cost,Plumbing,4300,2800,7100,0,A,5,255,
https://www.homeadvisor.com/cost/storage-and-organization/hire-a-moving-service/,Movers Hiring Cost,,1563,834,2309,30296,A,,,
https://www.homeadvisor.com/cost/safety-and-security/make-and-install-signs/,Commercial Sign Installation Cost,,712,300,1125,33,A,,,
https://www.homeadvisor.com/cost/additions-and-remodels/build-shed-or-playhouse/,Shed Building or Playhouse Cost Calculator,Remodeling/general contracting,3500,1000,15000,0,A,90,150,
https://www.homeadvisor.com/cost/cleaning-services/area-rug-cleaning/,Professional Rug Cleaning Cost,,180,100,350,0,A,,,
https://www.homeadvisor.com/cost/additions-and-remodels/build-a-barn-shed-or-playhouse/,Barn Building Cost,Remodeling/general contracting,3350,2333,4366,716,A,90,150,
https://www.homeadvisor.com/cost/lawn-and-garden/dethatch-a-lawn/,Lawn Dethatching Cost,Landscaping/lawn care,180,100,350,0,A,8,45,
https://www.homeadvisor.com/cost/environmental-safety/remove-radon-gas/,Radon Mitigation System Cost,,1028,786,1274,0,A,,,
https://www.homeadvisor.com/cost/swimming-pools-hot-tubs-and-saunas/lap-pool/,Build a Lap Pool Cost,,44000,6000,80000,0,A,,,
https://www.homeadvisor.com/cost/roofing/cedar-wood-shakes/,Cedar Shake Roof Cost,Roofing,21000,15800,30000,0,A,15,550,
https://www.homeadvisor.com/cost/storage-and-organization/ship-a-motorcycle/,Motorcycle Shipping Cost,,500,200,2000,0,A,,,
https://www.homeadvisor.com/cost/heating-and-cooling/radiant-barrier/,Radiant Barrier Cost,HVAC (AC/Heating),1700,710,2840,0,A,10,325,
https://www.homeadvisor.com/cost/plumbing/propane-tank-prices/,How Much Does a Propane Tank Cost?,Plumbing,1765,30,3500,-1,"B (range-only, avgCost is a midpoint estimate)",5,255,
https://www.homeadvisor.com/cost/painting/powder-coat-or-electrostatically-paint/,Powder Coating Cost,,772,402,1286,44,A,,,
https://www.homeadvisor.com/cost/siding/vinyl-siding-installation/,Vinyl Siding Replacement Cost,Siding,15560,9176,21962,5289,A,105,105,
https://www.homeadvisor.com/cost/lawn-and-garden/plant-a-tree/,Tree Planting Cost,Landscaping/lawn care,300,150,2000,0,A,8,45,
https://www.homeadvisor.com/cost/painting/paint-stucco-house/,Stucco House Painting Cost,,4500,3600,7200,0,A,,,
https://www.homeadvisor.com/cost/sunrooms/repair-a-sunroom-or-patio-enclosure/,,,3932,863,7001,674,A,,,
https://www.homeadvisor.com/cost/roofing/seal-a-roof/,Roof Coating Cost,Roofing,1700,580,2821,1661,A,15,550,
https://www.homeadvisor.com/cost/flooring/rubber-floor/,How Much Does Rubber Flooring Cost?,Flooring,1550,800,2300,-1,"B (range-only, avgCost is a midpoint estimate)",85,85,
https://www.homeadvisor.com/cost/outdoor-living/install-retractable-awning/,Retractable Awning Cost,,2000,1500,3500,0,A,,,
https://www.homeadvisor.com/cost/heating-and-cooling/ductless-heat-pump/,Ductless Heat Pump Installation Cost,HVAC (AC/Heating),6500,3000,8000,0,A,10,325,
https://www.homeadvisor.com/cost/outdoor-living/build-an-outdoor-kitchen/,Outdoor Kitchen Cost,,13920,9866,20000,288,A,,,
https://www.homeadvisor.com/cost/stairs-and-railings/stone-steps-prices/,,,2200,1400,1525,0,A,,,
https://www.homeadvisor.com/cost/cleaning-services/hire-a-maid-service/,House Cleaning Cost,,184,120,250,98892,A,,,
https://www.homeadvisor.com/cost/foundations/repair-a-foundation,Foundation Repair Cost,,6095,2526,9709,4221,A,,,
https://www.homeadvisor.com/cost/plumbing/install-a-tankless-water-heater/,Tankless Water Heater Cost,Plumbing,2602,1377,3827,3676,A,5,255,
https://www.homeadvisor.com/cost/cabinets-and-countertops/concrete-countertops/,Precast or Poured Concrete Countertops Cost,,3500,1500,6000,0,A,,,
https://www.homeadvisor.com/cost/home-theaters/,Home Theater Cost,,20000,10000,60000,0,A,,,
https://www.homeadvisor.com/cost/garages/prefab-garage-prices/,How Much Does a Prefab Garage Cost?,,76000,2000,150000,-1,"B (range-only, avgCost is a midpoint estimate)",,,
https://www.homeadvisor.com/cost/cabinets-and-countertops/soapstone-counter-install/,Soapstone Countertops Cost,,2850,2100,7200,0,A,,,
https://www.homeadvisor.com/cost/outdoor-living/build-a-greenhouse/,Greenhouse Cost,,9640,3071,16209,14,A,,,
https://www.homeadvisor.com/cost/outdoor-living/build-an-arbor-pergola-or-trellis/,Pergola Cost,,4253,2118,6433,758,A,,,
https://www.homeadvisor.com/cost/landscape/house-demolition/,House Demolition Cost,Landscaping/lawn care,15800,6000,25000,0,A,8,45,
https://www.homeadvisor.com/cost/landscape/pond-liner-prices/,Pond Liner Cost,Landscaping/lawn care,1000,640,3980,0,A,8,45,
https://www.homeadvisor.com/cost/bedrooms/,Add a Bedroom and Bath Cost,,103300,37500,117000,0,A,,,
https://www.homeadvisor.com/cost/siding/install-aluminum-siding/,Aluminum Siding Cost,Siding,11750,4500,19000,0,A,105,105,
https://www.homeadvisor.com/cost/storage-and-organization/move-mobile-home/,Mobile Home Moving Cost,,9000,5000,20000,0,A,,,
https://www.homeadvisor.com/cost/stairs-and-railings/glass-railing-prices/,How Much Do Glass Railings Cost?,,5750,1500,10000,-1,"B (range-only, avgCost is a midpoint estimate)",,,
https://www.homeadvisor.com/cost/architects-and-engineers/build-your-own-house/,House Building Cost Yourself,,256000,122500,411500,0,A,,,
https://www.homeadvisor.com/cost/heating-and-cooling/condenser-fan-motor-replacement/,Repair or Replace a Condenser Fan Cost,HVAC (AC/Heating),500,100,700,0,A,10,325,
https://www.homeadvisor.com/cost/plumbing/install-replace-hose-bib/,Hose Bib Replacement Cost,Plumbing,300,200,600,0,A,5,255,
https://www.homeadvisor.com/cost/kitchens/install-a-garbage-disposal/,Garbage Disposal Installation Cost,Remodeling/general contracting,550,200,625,0,A,90,150,
https://www.homeadvisor.com/cost/heating-and-cooling/repoint-or-tuckpoint,Repointing Brick Cost,HVAC (AC/Heating),1450,400,2500,0,A,10,325,
https://www.homeadvisor.com/cost/plumbing/install-a-sewer-main/,Sewer Line Installation Cost,Plumbing,4296,2428,6507,3577,A,5,255,
https://www.homeadvisor.com/cost/flooring/cork-flooring-prices/,Cork Flooring Cost,Flooring,2050,1270,4600,0,A,85,85,
https://www.homeadvisor.com/cost/cabinets-and-countertops/recycled-glass-countertop-prices/,Recycled Glass Countertop Cost,,2700,1950,8400,0,A,,,
https://www.homeadvisor.com/cost/fencing/horse-farm-fencing/,Pipe Fence Cost,Fencing,2000,1675,2500,0,A,55,175,
https://www.homeadvisor.com/cost/plumbing/repair-a-sewer-main/,Sewer Line Replacement Cost,Plumbing,4439,2341,6647,39,A,5,255,
https://www.homeadvisor.com/cost/plumbing/install-a-bathtub/,Bathtub Replacement Cost,Plumbing,2774,825,4723,4369,A,5,255,
https://www.homeadvisor.com/cost/outdoor-living/build-floating-deck/,Floating Deck Cost,,4500,2500,14750,0,A,,,
https://www.homeadvisor.com/cost/landscape/remove-a-tree-stump,Tree Stump Removal Cost,Landscaping/lawn care,318,157,480,16334,A,8,45,
https://www.homeadvisor.com/cost/siding/metal-siding/,Metal Siding Cost,Siding,11193,3958,19216,195,A,105,105,
https://www.homeadvisor.com/cost/outdoor-living/build-or-resurface-a-tennis-court/,Tennis Court Cost,,15016,5366,24666,50,A,,,
https://www.homeadvisor.com/cost/flooring/remove-a-tile-floor/,Tile Floor Removal Cost,Flooring,560,320,1120,0,A,85,85,
https://www.homeadvisor.com/cost/plumbing/repair-a-water-main/,Main Water Line Leak Repair Costs,Plumbing,1025,354,1696,1622,A,5,255,
https://www.homeadvisor.com/cost/plumbing/repair-a-well-pump/,Well Pump Repair Cost,Plumbing,784,346,1221,5523,A,5,255,
https://www.homeadvisor.com/cost/outdoor-living/build-tigerwood-deck/,Tigerwood Decking Installation Cost,,9500,7500,12000,0,A,,,
https://www.homeadvisor.com/cost/storage-and-organization/hire-a-moving-service,Movers Hiring Cost,,1563,834,2309,30296,A,,,
https://www.homeadvisor.com/cost/garages/build-detached-garage/,Detached Garage Cost,,26400,19200,33600,0,A,,,
https://www.homeadvisor.com/cost/landscape/install-concrete-retaining-wall/,Concrete Retaining Wall Cost,Landscaping/lawn care,5200,3600,9000,0,A,8,45,
https://www.homeadvisor.com/cost/outdoor-living/install-metal-awning/,Metal Awning Cost,,850,450,1250,0,A,,,
https://www.homeadvisor.com/cost/siding/wood-replace-install/,Wood Siding Cost,Siding,12500,7000,23000,0,A,105,105,
https://www.homeadvisor.com/cost/outdoor-living/install-an-outdoor-misting-system/,Mosquito Misting System Cost,,2747,1957,3584,102,A,,,
https://www.homeadvisor.com/cost/roofing/rubber-membrane/,Rubber Roof Cost,Roofing,12000,6000,23000,0,A,15,550,
https://www.homeadvisor.com/cost/outdoor-living/install-trex-decking/,Trex Decking Cost,,6000,1850,9600,0,A,,,
https://www.homeadvisor.com/cost/cleaning-services/clean-walls-and-ceilings/,Wall and Ceiling Washing Cost,,235,195,276,1309,A,,,
https://www.homeadvisor.com/cost/landscape/sod-prices/,How Much Does a Pallet of Sod Cost in 2025?,Landscaping/lawn care,260,120,400,-1,"B (range-only, avgCost is a midpoint estimate)",8,45,
https://www.homeadvisor.com/cost/plumbing/convert-tub-shower/,Convert a Tub to Shower Cost,Plumbing,3000,1500,8000,0,A,5,255,
https://www.homeadvisor.com/cost/handyman/hire-a-handyman,Handyperson Cost,Handyman,506,218,795,104317,A,30,30,
https://www.homeadvisor.com/cost/architects-and-engineers/build-a-guest-house/,Building a Guest House Cost,,85000,62000,225000,0,A,,,
https://www.homeadvisor.com/cost/painting/paint-bathroom/,Bathroom Painting Cost,,300,200,500,0,A,,,
https://www.homeadvisor.com/cost/heating-and-cooling/install-a-heat-pump/,Heat Pump Cost,HVAC (AC/Heating),8112,7000,9225,4720,A,10,325,
https://www.homeadvisor.com/cost/siding/fiber-cement-siding/,Fiber Cement Siding Cost Calculator,Siding,10250,5000,15500,2301,A,105,105,
https://www.homeadvisor.com/cost/plumbing/repair-a-septic-tank/,Septic Tank Repair Cost,Plumbing,3477,1609,5519,1765,A,5,255,
https://www.homeadvisor.com/cost/heating-and-cooling/install-a-boiler,Boiler Replacement Cost,HVAC (AC/Heating),4339,2454,6723,2837,A,10,325,
https://www.homeadvisor.com/cost/insulation/remove-insulation/,Attic Insulation Removal Cost,,900,600,1200,0,A,,,
https://www.homeadvisor.com/cost/stairs-and-railings/repair-stairs-or-railings/,Stair Refinishing Cost,,788,321,1255,0,A,,,
https://www.homeadvisor.com/cost/disability-accommodation/repair-a-wheelchair-ramp/,Handicap Ramp Cost Calculator,,1203,535,2117,45,A,,,
https://www.homeadvisor.com/cost/fencing/install-an-aluminum-or-steel-fence/,Steel Fence Cost,Fencing,4951,3057,6845,1661,A,55,175,
https://www.homeadvisor.com/cost/walls-and-ceilings/crown-molding-installation/,Crown Molding Installation Cost Calculator,Mold removal,1696,912,2675,5957,A,75,650,
https://www.homeadvisor.com/cost/doors-and-windows/install-replace-storm-windows/,Hurricane Window Cost,Window replacement,2639,847,4909,962,A,30,350,
https://www.homeadvisor.com/cost/home-design-and-decor/remove-wallpaper/,Wallpaper Removal Cost,,1112,692,1610,116,A,,,
https://www.homeadvisor.com/cost/flooring/install-linoleum-flooring/,Linoleum Flooring Cost,Flooring,1760,650,4800,0,A,85,85,
https://www.homeadvisor.com/cost/walls-and-ceilings/drop-ceiling-install/,Drop Ceiling Installation Cost,,2328,987,3729,971,A,,,
https://www.homeadvisor.com/cost/flooring/slate-tile-floors/,Slate Flooring Cost,Flooring,10400,8000,12800,0,A,85,85,
https://www.homeadvisor.com/cost/additions-and-remodels/raise-a-roof/,Raising a Roof Cost,Remodeling/general contracting,60000,40000,80000,0,A,90,150,
https://www.homeadvisor.com/cost/doors-and-windows/install-egress-windows/,Egress Window Installation Cost,Window replacement,4922,3249,6594,760,A,30,350,
https://www.homeadvisor.com/cost/plumbing/install-a-sump-pump,Sump Pump Replacement Cost,Plumbing,1405,499,2334,1694,A,5,255,
https://www.homeadvisor.com/cost/cabinets-and-countertops/custom-cabinets/,Custom Cabinets Cost,,8827,2571,15700,2685,A,,,
https://www.homeadvisor.com/cost/walls-and-ceilings/plaster-repair/,Plaster Repair Cost,,3840,2000,7200,0,A,,,
https://www.homeadvisor.com/cost/kitchens/refinish-an-appliance/,Appliance Refinishing Cost,Appliance repair,340,149,534,89,A,22,85,
https://www.homeadvisor.com/cost/walls-and-ceilings/sheetrock-drywall-prices/,Drywall Cost,,2101,987,3215,0,A,,,
https://www.homeadvisor.com/cost/home-offices/install-telephone-jacks-and-wiring/,New Phone Line Inst,,244,94,395,1926,A,,,
https://www.homeadvisor.com/cost/landscape/koi-pond/,Install a Koi Pond Cost,Landscaping/lawn care,7500,3000,12000,0,A,8,45,
https://www.homeadvisor.com/cost/stairs-and-railings/install-stair-railings-balusters/,Stair Railing Installation Cost,,900,500,1300,0,A,,,
https://www.homeadvisor.com/cost/heating-and-cooling/repair-a-thermostat/,Thermostat Repair Cost Calculator,HVAC (AC/Heating),253,156,352,833,A,10,325,
https://www.homeadvisor.com/cost/inspectors-and-appraisers/purchase-a-home-warranty/,Home Warranty Cost,,2528,761,4326,1697,A,,,
https://www.homeadvisor.com/cost/swimming-pools-hot-tubs-and-saunas/close-a-pool/,Pool Closing Cost,,250,175,300,0,A,,,
https://www.homeadvisor.com/cost/stairs-and-railings/install-hardwood-stairs/,Hardwood Stairs Installation Cost,,2400,1800,6300,0,A,,,
https://www.homeadvisor.com/cost/plumbing/install-a-faucet/,Kitchen Faucet Replacement Costs,Plumbing,323,190,458,6191,A,5,255,
https://www.homeadvisor.com/cost/roofing/ice-dam-removal-cost/,Ice Dam Removal Cost,Roofing,1200,650,2000,0,A,15,550,
https://www.homeadvisor.com/cost/swimming-pools-hot-tubs-and-saunas/repair-a-pool-enclosure/,Pool Screen Enclosure Repair Cost,,927,296,1593,799,A,,,
https://www.homeadvisor.com/cost/outdoor-living/concrete-sidewalk/,Concrete Walkway Cost,,2000,1600,2400,0,A,,,
https://www.homeadvisor.com/cost/cabinets-and-countertops/install-cabinets/,Cabinet Installation Cost,,9983,3782,16866,7810,A,,,
https://www.homeadvisor.com/cost/safety-and-security/install-a-security-gate/,Automatic Driveway Gate Cost Calculator,,3160,2500,5000,0,A,,,
https://www.homeadvisor.com/cost/lawn-and-garden/hydroseeding-prices/,Hydroseeding Cost,Landscaping/lawn care,1000,650,2200,0,A,8,45,
https://www.homeadvisor.com/cost/roofing/green-roof/,Green Roof Installation Cost,Roofing,18000,10000,25000,0,A,15,550,
https://www.homeadvisor.com/cost/storage-and-organization/install-closet-organizers/,Professional Closet Organizer Cost,,1422,645,2200,1848,A,,,
https://www.homeadvisor.com/cost/bathrooms/types-of-tiles/,How Much Do Different Types of Tiles Cost?,Remodeling/general contracting,112,9,215,-1,"B (range-only, avgCost is a midpoint estimate)",90,150,
https://www.homeadvisor.com/cost/swimming-pools-hot-tubs-and-saunas/install-a-sauna/,Home Sauna Cost,,3100,2500,7000,0,A,,,
https://www.homeadvisor.com/cost/painting/vinyl-siding/,Vinyl Siding Painting Cost,,4000,300,10000,0,A,,,
https://www.homeadvisor.com/cost/plumbing/repair-a-water-heater/,Water Heater Repair Cost,Plumbing,616,228,1017,16132,A,5,255,
https://www.homeadvisor.com/cost/outdoor-living/install-a-playground-or-swing-set/,Playground or Swing Set Cost,,507,327,713,379,A,,,
https://www.homeadvisor.com/cost/seasonal/install-holiday-lighting/,Christmas Light Installation Cost,,706,386,1089,2245,A,,,
https://www.homeadvisor.com/cost/cabinets-and-countertops/refinish-cabinets/,Cabinet Refinishing Cost,,3464,2717,4211,4348,A,,,
https://www.homeadvisor.com/cost/cleaning-services/rent-a-dumpster/,Dumpster Rental Cost,,267,238,311,5003,A,,,
https://www.homeadvisor.com/cost/lawn-and-garden/maintain-a-sprinkler-system/,Winterizing Sprinkler System Cost,Landscaping/lawn care,192,165,224,6389,A,8,45,
https://www.homeadvisor.com/cost/outdoor-living/cedar-decking/,Cedar Deck Cost,,6500,3600,9000,0,A,,,
https://www.homeadvisor.com/cost/swimming-pools-hot-tubs-and-saunas/fiberglass-pool-shell-prices/,Fiberglass Pool Cost,,36800,4666,85000,0,A,,,
https://www.homeadvisor.com/cost/swimming-pools-hot-tubs-and-saunas/remodel-a-swimming-pool/,Pool Remodel Cost Calculator,,1472,500,2931,3614,A,,,
https://www.homeadvisor.com/cost/cabinets-and-countertops/limestone-countertops/,Limestone Countertops Installation Cost,,4350,3500,5200,0,A,,,
https://www.homeadvisor.com/cost/kitchens/install-dishwasher/,Dishwasher Installation Cost,Remodeling/general contracting,1200,1000,1500,0,A,90,150,
https://www.homeadvisor.com/cost/plumbing/install-a-toilet/,Toilet Installation Cost,Plumbing,464,266,669,962,A,5,255,
https://www.homeadvisor.com/cost/laundry-rooms/,Laundry Room Remodel Cost,,11000,6000,17000,0,A,,,
https://www.homeadvisor.com/cost/roofing/slate-roof/,Slate Roof Cost,Roofing,13348,4389,22377,255,A,15,550,
https://www.homeadvisor.com/cost/landscape/remove-a-tree-stump/,Tree Stump Removal Cost,Landscaping/lawn care,318,157,480,16334,A,8,45,
https://www.homeadvisor.com/cost/cabinets-and-countertops/repair-cabinets/,Cabinet Repair Cost,,280,200,490,0,A,,,
https://www.homeadvisor.com/cost/siding/exterior-trim/,Exterior Window Trim Replacement Cost Calculator,Siding,1975,1975,1975,1051,A,105,105,
https://www.homeadvisor.com/cost/landscape/seal-asphalt-paving/,Driveway Sealing Cost Calculator,Landscaping/lawn care,263,131,394,7377,A,8,45,
https://www.homeadvisor.com/cost/walls-and-ceilings/metal-stud-framing/,How Much Does Metal Stud Framing Cost in 2025?,,22000,19000,25000,-1,"B (range-only, avgCost is a midpoint estimate)",,,
https://www.homeadvisor.com/cost/safety-and-security/smoke-co-detector-prices/,Smoke Detector I,,115,70,150,0,A,,,
https://www.homeadvisor.com/cost/electrical/install-wind-turbine/,Home Wind Turbine Installation Cost,Electrical,35000,20000,50000,0,A,10,175,
https://www.homeadvisor.com/cost/outdoor-living/install-a-natural-gas-bbq/,Gas Grill Installation Cost,,700,200,1200,0,A,,,
https://www.homeadvisor.com/cost/walls-and-ceilings/install-a-wall/,Wall Installation Cost,,2035,1106,3004,19629,A,,,
https://www.homeadvisor.com/cost/cabinets-and-countertops/travertine-countertops/,How Much Does a Travertine Countertop Cost?,,2635,270,5000,-1,"B (range-only, avgCost is a midpoint estimate)",,,
https://www.homeadvisor.com/cost/cabinets-and-countertops/stainless-steel-countertops/,Stainless Steel Countertops Cost,,4500,2500,6750,0,A,,,
https://www.homeadvisor.com/cost/additions-and-remodels/remove-load-bearing-wall/,Load-Bearing Wall Removal Cost,Remodeling/general contracting,3000,1000,10000,0,A,90,150,
https://www.homeadvisor.com/cost/flooring/indoor-outdoor-carpeting-prices/,How Much Does Outdoor Carpet Installation Cost in 2024?,Flooring,275,50,500,-1,"B (range-only, avgCost is a midpoint estimate)",85,85,
https://www.homeadvisor.com/cost/environmental-safety/mosquito-control/,How Much Does Mosquito Control Cost in 2025?,,985,70,1900,-1,"B (range-only, avgCost is a midpoint estimate)",,,
https://www.homeadvisor.com/cost/heating-and-cooling/install-an-electric-baseboard-or-wall-heater/,Electric Baseboard Heater Installation Cost,HVAC (AC/Heating),1365,585,2392,326,A,10,325,
https://www.homeadvisor.com/cost/garages/organize-a-garage/,Garage Organization Cost,,681,370,1200,692,A,,,
https://www.homeadvisor.com/cost/outdoor-living/screened-in-porch/,Screened-In Porch Cost Calculator,,2800,2000,4000,0,A,,,
https://www.homeadvisor.com/cost/landscape/poison-ivy-removal/,Poison Ivy Removal Cost,Landscaping/lawn care,500,400,600,0,A,8,45,
https://www.homeadvisor.com/cost/painting/aluminum-siding/,Paint Aluminum Siding Cost,,5730,3125,8300,0,A,,,
https://www.homeadvisor.com/cost/flooring/marmoleum-cost/,How Much Does Marmoleum Flooring Cost?,Flooring,1250,500,2000,-1,"B (range-only, avgCost is a midpoint estimate)",85,85,
https://www.homeadvisor.com/cost/disaster-recovery/repair-storm-or-wind-damage/,Hail Damage Roof Repair Cost,Water damage/restoration,14227,13655,15371,368,A,150,2250,
https://www.homeadvisor.com/cost/plumbing/replace-a-fuel-or-water-holding-tank/,Oil Tank Replacement Cost,Plumbing,2380,1620,3163,267,A,5,255,
https://www.homeadvisor.com/cost/outdoor-living/travertine-pavers-install/,Travertine Pavers Cost,,6380,4200,8550,0,A,,,
https://www.homeadvisor.com/cost/outdoor-living/build-redwood-deck/,Redwood Deck Cost,,18000,14000,22000,0,A,,,
https://www.homeadvisor.com/cost/plumbing/install-a-bidet/,Bidet Installation Cost,Plumbing,640,400,1500,0,A,5,255,
https://www.homeadvisor.com/cost/swimming-pools-hot-tubs-and-saunas/maintain-a-swimming-pool/,Pool Maintenance Cost,,348,208,529,9250,A,,,
https://www.homeadvisor.com/cost/cabinets-and-countertops/repair-countertops/,Refinishing Countertop Cost,,723,566,881,4218,A,,,
https://www.homeadvisor.com/cost/cabinets-and-countertops/reface-cabinets/,Cabinet Refacing Cost,,7230,4234,10226,0,A,,,
https://www.homeadvisor.com/cost/painting/paint-a-brick-house/,Brick House Painting Cost,,7000,3500,10500,0,A,,,
https://www.homeadvisor.com/cost/fencing/woven-wire-fence/,How Much Does a Livestock Fence Cost in 2024?,Fencing,2137,334,3940,-1,"B (range-only, avgCost is a midpoint estimate)",55,175,
https://www.homeadvisor.com/cost/roofing/standing-seam-metal-roof/,Standing Seam Metal Roof Cost,Roofing,19000,9400,32600,0,A,15,550,
https://www.homeadvisor.com/cost/additions-and-remodels/remodel-multiple-rooms/,House Renovation Cost,Remodeling/general contracting,33874,11971,59833,11083,A,90,150,
https://www.homeadvisor.com/cost/garages/repair-a-garage-door-opener/,Average Garage Opener Repair Costs,Garage door,273,145,407,12805,A,,,Industry tracked but no lead-cost data found
https://www.homeadvisor.com/cost/walls-and-ceilings/install-wainscoting-or-beadboard/,Wainscoting Installation Cost,,1325,1575,1600,0,A,,,
https://www.homeadvisor.com/cost/heating-and-cooling/install-rigid-foam/,Insulation Installation Cost,HVAC (AC/Heating),1852,1066,2639,0,A,10,325,
https://www.homeadvisor.com/cost/cabinets-and-countertops/corian-countertops/,Corian Countertops Cost,,3950,2200,5000,0,A,,,
https://www.homeadvisor.com/cost/siding/repair-asbestos-siding/,Asbestos Siding Removal Cost,Siding,1721,694,3433,48,A,105,105,
https://www.homeadvisor.com/cost/painting/paint-garage-door/,Garage Door Painting Cost,Garage door,350,200,500,0,A,,,Industry tracked but no lead-cost data found
https://www.homeadvisor.com/cost/fencing/composite-fencing/,Composite Fencing Cost,Fencing,16000,4200,28000,0,A,55,175,
https://www.homeadvisor.com/cost/lawn-and-garden/hire-an-arborist/,Arborist Cost,Landscaping/lawn care,875,750,1000,0,A,8,45,
https://www.homeadvisor.com/cost/swimming-pools-hot-tubs-and-saunas/build-a-swimming-pool-enclosure/,Pool Enclosure Cost,,12168,7051,18831,100,A,,,
https://www.homeadvisor.com/cost/home-design-and-decor/assemble-furniture/,Furniture Assembly Cost,,150,50,150,0,A,,,
https://www.homeadvisor.com/cost/outdoor-living/install-a-brick-paver-patio/,Paver Patio Cost,,3800,2400,7000,0,A,,,
https://www.homeadvisor.com/cost/plumbing/repair-a-clogged-drain/,Drain Cleaning Cost,Plumbing,287,182,398,33644,A,5,255,
https://www.homeadvisor.com/cost/outdoor-living/build-mahogany-deck/,Mahogany Deck Cost,,14250,5900,18400,0,A,,,
https://www.homeadvisor.com/cost/garages/install-an-electric-vehicle-charging-station,Electric Car Charger Installation Cost,,1158,736,1599,4445,A,,,
https://www.homeadvisor.com/cost/cabinets-and-countertops/wood-countertop-install/,Butcher Block Countertops Cost,,3750,1200,5000,0,A,,,
https://www.homeadvisor.com/cost/walls-and-ceilings/install-a-ceiling/,Drop Ceiling Installation Cost Calculator,,2193,999,3434,1631,A,,,
https://www.homeadvisor.com/cost/landscape/hire-a-landscape-architect/,Landscape Architect Cost,Landscaping/lawn care,2141,724,3557,72,A,8,45,
https://www.homeadvisor.com/cost/plumbing/install-a-septic-tank/,Septic System Cost,Plumbing,8017,3593,12463,1279,A,5,255,
https://www.homeadvisor.com/cost/basements/seal-a-basement-or-foundation/,Basement Waterproofing Calculator,,11712,9140,16000,5786,A,,,
https://www.homeadvisor.com/cost/environmental-safety/remove-mold-and-toxic-materials,Mold Remediation Cost,Mold removal,2619,1590,3920,7946,A,75,650,
https://www.homeadvisor.com/cost/plumbing/install-a-solar-water-heater/,Solar Water Heater Cost,Plumbing,3706,1780,5722,178,A,5,255,
https://www.homeadvisor.com/cost/home-offices/install-a-telephone-system/,Business Phone Line Installation Cost,,836,625,1260,103,A,,,
https://www.homeadvisor.com/cost/heating-and-cooling/repair-a-ceiling-fan/,Ceiling Fan Repair Cost,HVAC (AC/Heating),170,106,258,1497,A,10,325,
https://www.homeadvisor.com/cost/sunrooms/,Sunroom Addition Cost,,47000,22000,75000,0,A,,,
https://www.homeadvisor.com/cost/swimming-pools-hot-tubs-and-saunas/pool-resurfacing/,Pool Resurfacing Cost,,11000,6000,15000,0,A,,,
https://www.homeadvisor.com/cost/electrical/install-a-natural-gas-generator/,How Much Does a Natural Gas Generator Cost?,Electrical,14500,3000,26000,0,"B (range-only, avgCost is a midpoint estimate)",10,175,
https://www.homeadvisor.com/cost/designers-and-decorators/hire-a-feng-shui-consultant/,Feng Shui Consultant Cost,,821,587,1534,81,A,,,
https://www.homeadvisor.com/cost/painting/rent-a-pressure-washer/,Pressure Washer Rental Cost,,90,50,250,0,A,,,
https://www.homeadvisor.com/cost/walls-and-ceilings/venetian-plaster/,Venetian Plaster Cost,,700,585,815,0,A,,,
https://www.homeadvisor.com/cost/plumbing/clean-a-sewer-line/,Main Sewer Line Clog Repair Cost,Plumbing,376,187,569,0,A,5,255,
https://www.homeadvisor.com/cost/walls-and-ceilings/raise-a-ceiling/,Vaulting a ceiling cost,,19900,4800,38000,0,A,,,
https://www.homeadvisor.com/cost/plumbing/clean-septic-tank/,Septic Tank Pumping Cost,Plumbing,763,388,1198,6865,A,5,255,
https://www.homeadvisor.com/cost/environmental-safety/earthquake-retrofit-a-home/,Earthquake Retrofit Cost,,6082,3489,8676,94,A,,,
https://www.homeadvisor.com/cost/outdoor-living/conservatory-garden-room/,How Much Does It Cost to Install a Conservatory in 2026?,,45000,10000,80000,-1,"B (range-only, avgCost is a midpoint estimate)",,,
https://www.homeadvisor.com/cost/plumbing/install-a-sink/,Sink Installation Cost,Plumbing,742,302,1182,1438,A,5,255,
https://www.homeadvisor.com/cost/siding/brick-a-house/,Bricking a House Cost Calculator,Siding,24000,10000,75000,0,A,105,105,
https://www.homeadvisor.com/cost/plumbing/replace-a-well-pump/,Well Pump Replacement Cost Calculator,Plumbing,2072,1662,2620,1340,A,5,255,
https://www.homeadvisor.com/cost/swimming-pools-hot-tubs-and-saunas/repair-a-swimming-pool-heater/,Pool Heater Repair Cost,,391,148,633,1404,A,,,
https://www.homeadvisor.com/cost/outdoor-living/install-a-putting-green/,Putting Green Installation Cost,,4300,3500,9000,0,A,,,
https://www.homeadvisor.com/cost/outdoor-living/composite-pvc-decking/,Composite Decking Cost,,8500,5400,11500,0,A,,,
https://www.homeadvisor.com/cost/fencing/split-rail-fence/,"])</script><script>self.__next_f.push([1,",Fencing,3500,2250,5500,0,A,55,175,
https://www.homeadvisor.com/cost/siding/stain-wood-trim/,How Much Does It Cost to Stain a House in 2024?,Siding,350,200,500,-1,"B (range-only, avgCost is a midpoint estimate)",105,105,
https://www.homeadvisor.com/cost/landscape/river-rock-stone-prices/,River Rock Cost,Landscaping/lawn care,700,300,1600,0,A,8,45,
https://www.homeadvisor.com/cost/safety-and-security/hire-a-locksmith/,Locksmith Cost,Locksmith,163,107,242,0,A,15,75,
https://www.homeadvisor.com/cost/flooring/replace-repair-subfloor/,Subfloor Replacement Cost,Flooring,1560,900,3000,0,A,85,85,
https://www.homeadvisor.com/cost/outdoor-living/remove-concrete/,Concrete Removal Cost,,1136,541,1739,1331,A,,,
https://www.homeadvisor.com/cost/home-offices/internet-installation-cost/,Internet Installation Cost,,690,250,1125,0,A,,,
https://www.homeadvisor.com/cost/flooring/refinish-wood-flooring/,Hardwood Floor Refinishing Cost,Flooring,2628,1433,4088,20508,A,85,85,
https://www.homeadvisor.com/cost/heating-and-cooling/install-a-radiant-heating-system/,Radiant Floor Heating Cost,HVAC (AC/Heating),4128,1653,6656,95,A,10,325,
https://www.homeadvisor.com/cost/flooring/bamboo-floor-installation-cost/,Install Bamboo Flooring Cost,Flooring,3400,1750,5000,0,A,85,85,
https://www.homeadvisor.com/cost/outdoor-living/pave-a-parking-lot/,Asphalt Parking Lot Cost,,75000,10000,150000,0,A,,,
https://www.homeadvisor.com/cost/environmental-safety/install-lightning-protection/,Lightning Rod Installation Cost,,1227,931,1621,897,A,,,
https://www.homeadvisor.com/cost/gutters/seamless/,Seamless Gutter Installation Cost,Gutters,1311,712,1950,25827,A,65,65,
https://www.homeadvisor.com/cost/cabinets-and-countertops/install-granite-countertops/,Granite Countertops Cost,,3250,2000,4000,0,A,,,
https://www.homeadvisor.com/cost/gutters/install-vinyl-gutters/,Vinyl Gutters Cost,Gutters,1100,800,1300,0,A,65,65,
https://www.homeadvisor.com/cost/lawn-and-garden/maintain-a-lawn/,Lawn Mowing Cost Calculator,Landscaping/lawn care,248,111,385,53366,A,8,45,
https://www.homeadvisor.com/cost/heating-and-cooling/blower-motor-replacement/,Blower Motor Replacement Cost,HVAC (AC/Heating),560,300,900,0,A,10,325,
https://www.homeadvisor.com/cost/heating-and-cooling/install-chimney-liner/,Chimney Liner Cost,HVAC (AC/Heating),2500,1500,5000,0,A,10,325,
https://www.homeadvisor.com/cost/gutters/install-aluminum-gutters/,Aluminum Gutters Cost,Gutters,2400,900,3300,0,A,65,65,
https://www.homeadvisor.com/cost/cabinets-and-countertops/install-countertops/,Countertop Installation Cost,,3160,1882,4484,11023,A,,,
https://www.homeadvisor.com/cost/garages/build-a-garage/,Garage Installation Cost,,31155,18597,44373,1736,A,,,
https://www.homeadvisor.com/cost/electrical/install-cable-outlet/,Coax Cable Installation Cost,Electrical,210,75,500,0,A,10,175,
https://www.homeadvisor.com/cost/doors-and-windows/soundproof-windows/,Soundproof Windows Cost,Window replacement,900,300,1500,0,A,30,350,
https://www.homeadvisor.com/cost/flooring/repair-laminate-flooring/,Laminate Flooring Repair Cost,Flooring,1977,885,3142,971,A,85,85,
https://www.homeadvisor.com/cost/plumbing/plumbing-inspection/,Plumbing Inspection Cost,Plumbing,300,100,500,0,A,5,255,
https://www.homeadvisor.com/cost/disaster-recovery/remove-standing-water/,Water Removal Cost Calculator,Water damage/restoration,3903,1433,6373,2032,A,150,2250,
https://www.homeadvisor.com/cost/lawn-and-garden/trim-or-remove-trees-and-shrubs/,Bush Removal Cost,Landscaping/lawn care,1087,517,1656,170077,A,8,45,
https://www.homeadvisor.com/cost/flooring/cost-per-sq-ft-of-berber-carpet-installed/,Berber Carpet Installation Cost,Flooring,1250,500,1800,0,A,85,85,
https://www.homeadvisor.com/cost/outdoor-living/concrete-slab/,Concrete Slab Cost,,5400,3600,7200,0,A,,,
https://www.homeadvisor.com/cost/walls-and-ceilings/repair-drywall/,Drywall Repair Costs,,612,296,929,37102,A,,,
https://www.homeadvisor.com/cost/heating-and-cooling/install-a-boiler/,Boiler Replacement Cost,HVAC (AC/Heating),4339,2454,6723,2837,A,10,325,
https://www.homeadvisor.com/cost/outdoor-living/resurface-asphalt-driveway/,Resurface an Asphalt Driveway Cost,,3000,600,6000,0,A,,,
https://www.homeadvisor.com/cost/heating-and-cooling/repair-a-fireplace-or-woodstove/,Fireplace Repair Cost,HVAC (AC/Heating),1088,298,1882,9068,A,10,325,
https://www.homeadvisor.com/cost/environmental-safety/test-or-remove-mold-and-toxic-material/,Mold Inspection Cost,Mold removal,597,276,923,8283,A,75,650,
https://www.homeadvisor.com/cost/roofing/repair-a-roof/,Roof Repair Cost,Roofing,1843,627,3168,77107,A,15,550,
https://www.homeadvisor.com/cost/swimming-pools-hot-tubs-and-saunas/install-swimming-pool-covers-and-accessories/,Pool Cover Cost,,1825,865,2836,230,A,,,
https://www.homeadvisor.com/cost/swimming-pools-hot-tubs-and-saunas/excavate-a-pool/,Pool Excavation Cost,,2500,500,3020,0,A,,,
https://www.homeadvisor.com/cost/environmental-safety/hire-a-termite-control-service/,Termite Treatment Cost,Pest control,370,123,644,41,A,40,195,
https://www.homeadvisor.com/cost/heating-and-cooling/install-a-thermostat/,Thermostat Installation Cost Calculator,HVAC (AC/Heating),252,150,365,2404,A,10,325,
https://www.homeadvisor.com/cost/doors-and-windows/install-a-door/,Door Installation Cost,Door installation,1314,649,2046,23106,A,10,60,
https://www.homeadvisor.com/cost/flooring/install-natural-stone-tile/,Natural Stone Flooring Cost,Flooring,1795,864,2820,2077,A,85,85,
https://www.homeadvisor.com/cost/landscape/deliver-soil-mulch-or-rocks/,Fill Dirt Cost,Landscaping/lawn care,893,352,1434,4292,A,8,45,
https://www.homeadvisor.com/cost/flooring/install-wood-flooring/,Hardwood Flooring Installation Cost,Flooring,5449,3279,8345,10985,A,85,85,
https://www.homeadvisor.com/cost/heating-and-cooling/smart-thermostat-installation/,How Much Does Smart Thermostat Installation Cost in 2025?,HVAC (AC/Heating),350,200,500,0,"B (range-only, avgCost is a midpoint estimate)",10,325,
https://www.homeadvisor.com/cost/heating-and-cooling/install-gas-fireplace/,Gas Fireplace Insert Cost,HVAC (AC/Heating),3700,2300,8000,0,A,10,325,
https://www.homeadvisor.com/cost/heating-and-cooling/repair-replace-ac-condenser/,AC Condenser Replacement Cost,HVAC (AC/Heating),2900,2500,5000,0,A,10,325,
https://www.homeadvisor.com/cost/heating-and-cooling/install-electric-boiler/,Electric Boiler Installation Cost,HVAC (AC/Heating),5000,3000,7000,0,A,10,325,
https://www.homeadvisor.com/cost/fencing/repair-a-wrought-iron-fence/,Wrought Iron Fence Repair Cost Calculator,Fencing,522,253,799,1375,A,55,175,
https://www.homeadvisor.com/cost/kitchens/install-an-appliance/,Appliance Installation Cost,Appliance repair,215,133,298,11981,A,22,85,
https://www.homeadvisor.com/cost/home-theaters/projector-screen-installation-cost/,Projector and Screen Cost,,2500,1200,4000,0,A,,,
https://www.homeadvisor.com/cost/flooring/install-carpeting/,Carpet Replacement Cost,Flooring,1778,780,2812,8750,A,85,85,
https://www.homeadvisor.com/cost/swimming-pools-hot-tubs-and-saunas/repair-a-hot-tub/,Hot Tub Repair Cost,,396,228,602,2875,A,,,
https://www.homeadvisor.com/cost/flooring/marble-flooring/,Marble Flooring Cost,Flooring,3700,1900,5600,0,A,85,85,
https://www.homeadvisor.com/cost/storage-and-organization/build-a-closet/,Closet Building Cost,,2136,1080,3229,0,A,,,
https://www.homeadvisor.com/cost/cleaning-services/clean-ducts-and-vents/,Air Duct Cleaning Cost,,338,253,424,21693,A,,,
https://www.homeadvisor.com/cost/outdoor-living/concrete-resurfacing-overlays/,Concrete Resurfacing Cost,,2000,1000,5000,0,A,,,
https://www.homeadvisor.com/cost/outdoor-living/deliver-concrete/,Concrete delivery costs,,6003,3923,8950,436,A,,,
https://www.homeadvisor.com/cost/flooring/install-vinyl-or-linoleum-flooring/,Vinyl Flooring Installation Cost,Flooring,2058,1060,3068,5711,A,85,85,
https://www.homeadvisor.com/cost/siding/brick-prices/,How Much Do Bricks Cost in 2025?,Siding,1990,250,3730,-1,"B (range-only, avgCost is a midpoint estimate)",105,105,
https://www.homeadvisor.com/cost/disaster-recovery/clean-a-flooded-basement/,Flooded Basement Cleanup Cost,Water damage/restoration,4000,2000,7000,0,A,150,2250,
https://www.homeadvisor.com/cost/outdoor-living/repair-asphalt-paving/,Asphalt Driveway Repair Cost,,1280,1000,1700,3527,A,,,
https://www.homeadvisor.com/cost/heating-and-cooling/replace-ac-capacitor/,AC Capacitor Replacement Cost,HVAC (AC/Heating),180,200,400,0,A,10,325,
https://www.homeadvisor.com/cost/inspectors-and-appraisers/thermal-imaging/,Thermal Imaging Inspection Cost,,400,200,500,0,A,,,
https://www.homeadvisor.com/cost/chimneys-and-fireplaces/,Fireplace Installation Cost,,1784,1035,2607,0,A,,,
https://www.homeadvisor.com/cost/cabinets-and-countertops/repair-tile-and-grout/,Grout and Tile Repair Cost,,440,285,635,5674,A,,,
https://www.homeadvisor.com/cost/landscape/crushed-decomposed-granite/,Decomposed Granite Cost,Landscaping/lawn care,60,40,80,0,A,8,45,
https://www.homeadvisor.com/cost/additions-and-remodels/chimney-fireplace-removal/,Chimney Removal Cost,Remodeling/general contracting,4500,2000,10000,0,A,90,150,
https://www.homeadvisor.com/cost/garages/garage-door-spring-repair/,Repair a Garage Door Spring Cost,Garage door,250,150,350,0,A,,,Industry tracked but no lead-cost data found
https://www.homeadvisor.com/cost/walls-and-ceilings/install-carpentry-framing/,House Framing Cost,,4005,1173,6866,2551,A,,,
https://www.homeadvisor.com/cost/heating-and-cooling/install-a-window-air-conditioner/,Window AC Installation Cost,HVAC (AC/Heating),341,180,506,1238,A,10,325,
https://www.homeadvisor.com/cost/disability-accommodation/install-an-elevator-or-chairlift/,Home Elevator Cost,,7352,7352,7352,500,A,,,
https://www.homeadvisor.com/cost/swimming-pools-hot-tubs-and-saunas/install-in-ground-hot-tub/,In-Ground Hot Tub Cost,,15000,5000,25000,0,A,,,
https://www.homeadvisor.com/cost/heating-and-cooling/propane-boiler-prices/,Install a Propane Boiler Cost,HVAC (AC/Heating),7300,4000,10000,0,A,10,325,
https://www.homeadvisor.com/cost/fencing/install-a-wood-fence/,Wood Fence Installation Cost,Fencing,3313,1919,4948,19936,A,55,175,
https://www.homeadvisor.com/cost/heating-and-cooling/install-a-ceiling-fan/,Ceiling Fan Installation Cost Calculator,HVAC (AC/Heating),249,160,374,9747,A,10,325,
https://www.homeadvisor.com/cost/landscape/hire-a-landscape-designer/,Landscape Design Cost,Landscaping/lawn care,4772,2336,7551,3236,A,8,45,
https://www.homeadvisor.com/cost/heating-and-cooling/ac-evaporator-coil-replacement/,Evaporator Coil Replacement Cost,HVAC (AC/Heating),1350,600,2000,0,A,10,325,
https://www.homeadvisor.com/cost/flooring/install-laminate-flooring/,Laminate Flooring Installation Costs,Flooring,3677,1614,5740,10990,A,85,85,
https://www.homeadvisor.com/cost/heating-and-cooling/repair-a-furnace/,Furnace Repair Cost,HVAC (AC/Heating),311,138,484,1232,A,10,325,
https://www.homeadvisor.com/cost/garages/build-a-carport/,Carport Cost,,6356,3131,9694,343,A,,,
https://www.homeadvisor.com/cost/walls-and-ceilings/repair-a-ceiling/,Ceiling Repair Cost,,1057,438,1684,618,A,,,
https://www.homeadvisor.com/cost/heating-and-cooling/install-ducts-and-vents/,Ductwork Installation Cost,HVAC (AC/Heating),1252,453,2189,0,A,10,325,
https://www.homeadvisor.com/cost/flooring/engineered-wood/,How Much Does Engineered Hardwood Flooring Cost in 2025?,Flooring,4500,2000,7000,-1,"B (range-only, avgCost is a midpoint estimate)",85,85,
https://www.homeadvisor.com/cost/outdoor-living/install-a-patio-or-pathway/,Patio Installation Cost,,5117,2565,7767,35600,A,,,
https://www.homeadvisor.com/cost/outdoor-living/recycled-asphalt-milling-prices/,Asphalt Millings Cost,,15250,7875,22625,0,A,,,
https://www.homeadvisor.com/cost/siding/repair-siding/,Siding Repair Cost,Siding,921,366,1514,19641,A,105,105,
https://www.homeadvisor.com/cost/landscape/install-drainage/,Drainage System Cost,Landscaping/lawn care,3827,2993,4797,2207,A,8,45,
https://www.homeadvisor.com/cost/heating-and-cooling/clean-ac-coils/,AC Coil Cleaning Cost,HVAC (AC/Heating),250,100,400,0,A,10,325,
https://www.homeadvisor.com/cost/kitchens/dryer-repair/,Dryer Repair Cost Calculator,Remodeling/general contracting,180,100,430,0,A,90,150,
https://www.homeadvisor.com/cost/heating-and-cooling/repair-an-ac-unit/,Air Conditioner Repair Cost Calculator,HVAC (AC/Heating),481,205,800,1990,A,10,325,
https://www.homeadvisor.com/cost/heating-and-cooling/repair-an-hvac-system/,HVAC Repair Cost,HVAC (AC/Heating),350,130,2000,0,A,10,325,
https://www.homeadvisor.com/cost/plumbing/install-new-plumbing-pipes/,House Repiping Cost,Plumbing,1334,407,2274,6597,A,5,255,
https://www.homeadvisor.com/cost/bathrooms/,Bathroom Addition Cost,,35000,5000,75000,0,A,,,
https://www.homeadvisor.com/cost/swimming-pools-hot-tubs-and-saunas/pool-tiling/,Pool Tile Cost,,150000,3000,20000,0,A,,,
https://www.homeadvisor.com/cost/environmental-safety/test-or-remove-radon-gas/,Radon Inspection Cost,,269,138,401,122,A,,,
https://www.homeadvisor.com/cost/flooring/repair-vinyl-or-linoleum-flooring/,Vinyl Floor Repair Cost Calculator,Flooring,500,440,630,0,A,85,85,
https://www.homeadvisor.com/cost/heating-and-cooling/remodel-a-fireplace/,Fireplace Remodel Cost,HVAC (AC/Heating),1200,400,2000,0,A,10,325,
https://www.homeadvisor.com/cost/home-theaters/install-a-flat-screen-tv/,TV Mounting Cost,,271,177,400,18749,A,,,
https://www.homeadvisor.com/cost/environmental-safety/build-a-disability-ramp/,Wheelchair Ramp Costs,,2335,1570,3737,862,A,,,
https://www.homeadvisor.com/cost/kitchens/tile-backsplash-install/,Backsplash Installation Cost,Remodeling/general contracting,1000,480,1500,0,A,90,150,
https://www.homeadvisor.com/cost/home-design-and-decor/,House Furnishing Cost,,16000,10000,40000,0,A,,,
https://www.homeadvisor.com/cost/flooring/carpet-padding-prices/,Carpet Padding Cost,Flooring,510,170,850,0,A,85,85,
https://www.homeadvisor.com/cost/outbuildings/create-a-custom-metal-structure-or-object/,Create a Custom Metal Structure or Object,,2342,569,4202,721,A,,,
https://www.homeadvisor.com/cost/outdoor-living/stain-brick/,Brick Staining Cost Calculator,,4200,1200,10000,0,A,,,
https://www.homeadvisor.com/cost/heating-and-cooling/install-an-ac-unit/,AC Unit Cost Calculator,HVAC (AC/Heating),6446,4204,8697,24992,A,10,325,
https://www.homeadvisor.com/cost/heating-and-cooling/gas-boiler-prices/,Gas Boiler Replacement Cost Calculator,HVAC (AC/Heating),5880,3307,8464,988,A,10,325,
https://www.homeadvisor.com/cost/outdoor-living/repave-asphalt-driveway/,Driveway Repaving Cost,,6800,1400,12100,0,A,,,
https://www.homeadvisor.com/cost/home-design-and-decor/install-wallpaper/,Wallpaper Installation Cost,,493,295,719,3070,A,,,
https://www.homeadvisor.com/cost/plumbing/install-or-repair-gas-pipes/,Gas Line Installation Cost,Plumbing,834,327,1347,923,A,5,255,
https://www.homeadvisor.com/cost/fencing/install-an-electric-fence/,Electric Fence Cost,Fencing,1321,1146,1595,1243,A,55,175,
https://www.homeadvisor.com/cost/environmental-safety/rodent-removal/,Rat Exterminator Cost,Pest control,342,185,501,9467,A,40,195,
https://www.homeadvisor.com/cost/flooring/pergo-flooring-install/,Pergo® Flooring Installation Cost,Flooring,2400,800,4000,0,A,85,85,
https://www.homeadvisor.com/cost/inspectors-and-appraisers/hire-a-roof-inspector/,Roof Inspection Cost,,227,148,309,2577,A,,,
https://www.homeadvisor.com/cost/flooring/carpet-removal/,Carpet Removal Cost Calculator,Flooring,280,120,720,0,A,85,85,
https://www.homeadvisor.com/cost/fencing/install-a-wrought-iron-fence/,Wrought Iron Fence Cost,Fencing,3037,1447,4831,1147,A,55,175,
https://www.homeadvisor.com/cost/home-offices/computer-laptop-repair/,How Much Does Computer Repair Cost?,,67,45,90,-1,"B (range-only, avgCost is a midpoint estimate)",,,
https://www.homeadvisor.com/cost/cabinets-and-countertops/marble-countertops-price/,Marble Countertops Cost,,3000,2000,5000,0,A,,,
https://www.homeadvisor.com/cost/heating-and-cooling/,HVAC Replacement Cost Calculator,,7500,5000,12500,0,A,,,
https://www.homeadvisor.com/cost/flooring/terrazzo-floors/,Terrazzo Flooring Cost,Flooring,4400,4000,7000,0,A,85,85,
https://www.homeadvisor.com/cost/heating-and-cooling/service-maintain-ac-unit/,HVAC Maintenance Cost,HVAC (AC/Heating),250,175,350,0,A,10,325,
https://www.homeadvisor.com/cost/heating-and-cooling/install-a-swamp-cooler/,Swamp Cooler Cost,HVAC (AC/Heating),2543,1544,3759,539,A,10,325,
https://www.homeadvisor.com/cost/architects-and-engineers/build-a-house/,Building Your Own Home Costs,,322924,138769,530862,1220,A,,,
https://www.homeadvisor.com/cost/outdoor-living/install-concrete-coating/,Epoxy Flooring Cost,,2190,1538,3041,182,A,,,
https://www.homeadvisor.com/cost/plumbing/hire-a-plumber/,Plumber Cost,Plumbing,341,182,501,94645,A,5,255,
https://www.homeadvisor.com/cost/flooring/repair-carpeting/,Carpet Repair Cost,Flooring,211,168,267,19613,A,85,85,
https://www.homeadvisor.com/cost/walls-and-ceilings/cinder-block-wall/,Cinder Block Wall Cost,,3200,1600,8000,0,A,,,
https://www.homeadvisor.com/cost/garages/install-a-garage-door/,Garage Door Replacement Cost,Garage door,1407,948,1897,15455,A,,,Industry tracked but no lead-cost data found
https://www.homeadvisor.com/cost/home-theaters/install-a-surround-sound-system/,Surround Sound Installation Cost,,452,215,706,1495,A,,,
https://www.homeadvisor.com/cost/patios-and-walkways/stamped-concrete-patio-install/,Stamped Concrete Cost,,18180,17080,19280,1715,A,,,
https://www.homeadvisor.com/cost/energy-efficiency/install-solar-panels/,Solar Panel Installation Cost,Solar,38930,31600,46260,2547,A,100,100,
https://www.homeadvisor.com/cost/disability-accommodation/install-stair-lift/,Stair Lift Cost,,7050,2300,24000,0,A,,,
https://www.homeadvisor.com/cost/storage-and-organization/long-distance-move/,Cross-Country Moving Cost,,4204,2901,5660,6435,A,,,
https://www.homeadvisor.com/cost/outdoor-living/power-wash-deck/,Cost to Pressure Wash a Deck,,150,100,250,0,A,,,
https://www.homeadvisor.com/cost/painting/paint-stain-fence/,Fence Painting Cost,,1700,750,4250,0,A,,,
https://www.homeadvisor.com/cost/cleaning-services/clean-dryer-vents/,Dryer Vent Cleaning Cost,,149,100,200,15437,A,,,
https://www.homeadvisor.com/cost/additions-and-remodels/demo-an-interior/,Demolition Cost Calculator,Remodeling/general contracting,3123,848,5451,4672,A,90,150,
https://www.homeadvisor.com/cost/kitchens/garbage-disposal-repair/,Garbage Disposal Repair Cost,Remodeling/general contracting,230,140,310,0,A,90,150,
https://www.homeadvisor.com/cost/outdoor-living/install-flagstone-patio/,Flagstone Patio Cost,,4500,750,8400,0,A,,,
https://www.homeadvisor.com/cost/plumbing/repair-burst-pipe/,Burst Pipe Repair Cost,Plumbing,500,200,3000,0,A,5,255,
https://www.homeadvisor.com/cost/fencing/repair-a-fence/,Fence Repair Cost,Fencing,616,3,946,18090,A,55,175,
https://www.homeadvisor.com/cost/handyman/build-a-dog-house/,Dog House Cost,Handyman,310,190,4300,0,A,30,30,
https://www.homeadvisor.com/cost/landscape/install-sod/,Sod Installation Cost,Landscaping/lawn care,2196,1064,3411,9514,A,8,45,
https://www.homeadvisor.com/cost/electrical/install-outdoor-lighting/,Landscape Lighting Cost,Electrical,4000,3000,6000,0,A,10,175,
https://www.homeadvisor.com/cost/painting/paint-a-small-project/,Kitchen Cabinet Painting Cost,,1324,516,2133,13,A,,,
https://www.homeadvisor.com/cost/outdoor-living/stain-a-deck/,Deck Staining Cost,,850,550,1250,0,A,,,
https://www.homeadvisor.com/cost/additions-and-remodels/build-an-addition/,Home Addition Cost,Remodeling/general contracting,50997,21891,83356,5613,A,90,150,
https://www.homeadvisor.com/cost/flooring/repair-floor-joists/,Replacing Floor Joists Cost,Flooring,6000,4000,12000,0,A,85,85,
https://www.homeadvisor.com/cost/additions-and-remodels/build-a-pole-barn/,Pole Barn Cost,Remodeling/general contracting,27000,14000,96000,0,A,90,150,
https://www.homeadvisor.com/cost/garages/heated-driveway/,Heated Driveway Cost,,13000,3000,8700,0,A,,,
https://www.homeadvisor.com/cost/walls-and-ceilings/apply-plaster/,Wall Plastering Cost,,5000,2000,8000,0,A,,,
https://www.homeadvisor.com/cost/cabinets-and-countertops/built-in-bookshelves/,Built-In Bookshelves Cost,,4589,2750,6711,817,A,,,
https://www.homeadvisor.com/cost/landscape/install-french-drain/,French Drain Cost,Landscaping/lawn care,9250,500,18000,0,A,8,45,
https://www.homeadvisor.com/cost/walls-and-ceilings/weld-metal/,Welding Cost Calculator,,299,123,482,1492,A,,,
https://www.homeadvisor.com/cost/landscape/pea-gravel/,Pea Gravel Cost,Landscaping/lawn care,370,170,560,0,A,8,45,
https://www.homeadvisor.com/cost/siding/install-siding/,Siding Replacement Cost,Siding,11589,5559,17725,10938,A,105,105,
https://www.homeadvisor.com/cost/roofing/composite/,Composite Shingle Roof Cost,Roofing,20000,15000,25000,0,A,15,550,
https://www.homeadvisor.com/cost/doors-and-windows/install-a-glass-wall/,Install a Glass Wall Cost,Door installation,5000,1300,18000,0,A,10,60,
https://www.homeadvisor.com/cost/outdoor-living/build-a-fire-pit/,Fire Pit Cost,,850,200,3000,0,A,,,
https://www.homeadvisor.com/cost/stairs-and-railings/concrete-steps/,Concrete Steps Installation Cost,,3500,600,5000,0,A,,,
https://www.homeadvisor.com/cost/flooring/refinish-ceramic-tile/,Tile Reglazing Cost,Flooring,1080,730,1700,0,A,85,85,
https://www.homeadvisor.com/cost/outdoor-living/install-asphalt-paving/,Asphalt Driveway Cost,,4190,2511,5934,11190,A,,,
https://www.homeadvisor.com/cost/roofing/install-replace-tile-roof/,Tile Roof Cost,Roofing,8185,6300,10071,1416,A,15,550,
https://www.homeadvisor.com/cost/swimming-pools-hot-tubs-and-saunas/salt-water-pool/,Saltwater Pool Cost,,25000,12000,38500,0,A,,,
https://www.homeadvisor.com/cost/painting/paint-a-home-exterior/,Exterior House Painting Cost,,2582,1867,3411,39127,A,,,
https://www.homeadvisor.com/cost/outbuildings/,Outbuilding Construction Cost,,9500,13000,33000,0,A,,,
https://www.homeadvisor.com/cost/additions-and-remodels/remodel-bedroom/,Bedroom Remodel Cost,Remodeling/general contracting,20000,12000,28000,0,A,90,150,
https://www.homeadvisor.com/cost/walls-and-ceilings/shiplap-walls-siding/,Shiplap Installation Cost,,1000,500,1500,0,A,,,
https://www.homeadvisor.com/cost/living-rooms/install-a-tv-antenna/,TV Antenna Installation Cost Calculator,,316,217,433,4195,A,,,
https://www.homeadvisor.com/cost/stairs-and-railings/deck-railing/,Deck Railing Replacement Cost,,1100,900,1800,0,A,,,
https://www.homeadvisor.com/cost/painting/powerwash-exterior-surfaces/,Powerwashing Cost Calculator,,237,156,318,51258,A,,,
https://www.homeadvisor.com/cost/doors-and-windows/install-pet-door/,Dog or Cat Door Installation Cost,Door installation,400,100,500,0,A,10,60,
https://www.homeadvisor.com/cost/cabinets-and-countertops/clean-tile-and-grout/,Tile and Grout Cleaning Cost,,536,327,750,75,A,,,
https://www.homeadvisor.com/cost/stairs-and-railings/spiral-staircase/,Spiral Staircase Cost,,10400,3000,15000,0,A,,,
https://www.homeadvisor.com/cost/additions-and-remodels/convert-bus/,Bus Conversion Cost,Remodeling/general contracting,33000,25000,67500,0,A,90,150,
https://www.homeadvisor.com/cost/landscape/install-a-pond/,Pond Installation Cost,Landscaping/lawn care,8080,4830,11655,620,A,8,45,
https://www.homeadvisor.com/cost/flooring/install-ceramic-or-porcelain-tile/,Tile Installation Cost,Flooring,2279,1131,3437,17560,A,85,85,
https://www.homeadvisor.com/cost/lawn-and-garden/tree-trimming/,Tree Trimming Cost,Landscaping/lawn care,460,270,1800,0,A,8,45,
https://www.homeadvisor.com/cost/heating-and-cooling/install-a-geothermal-heating-or-cooling-system/,Geothermal Heat Pump Cost Calculator,HVAC (AC/Heating),15062,6625,23500,297,A,10,325,
https://www.homeadvisor.com/cost/plumbing/install-a-shower/,Shower Installation Costs,Plumbing,6296,1965,10626,7470,A,5,255,
https://www.homeadvisor.com/cost/swimming-pools-hot-tubs-and-saunas/install-a-swimming-pool-heater/,Pool Heater Cost,,2443,1284,3714,1042,A,,,
https://www.homeadvisor.com/cost/foundations/repair-a-foundation/,Foundation Repair Cost,,6095,2526,9709,4221,A,,,
https://www.homeadvisor.com/cost/swimming-pools-hot-tubs-and-saunas/pool-deck/,How Much Does a Pool Deck Cost in 2024?,,7500,3000,12000,-1,"B (range-only, avgCost is a midpoint estimate)",,,
https://www.homeadvisor.com/cost/insulation/install-blown-in-insulation/,Blown-In Insulation Cost Calculator,,2283,1445,3327,16946,A,,,
https://www.homeadvisor.com/cost/living-rooms/,Living Room Remodel Cost,,8000,2500,15000,0,A,,,
https://www.homeadvisor.com/cost/siding/board-and-batten/,Board and Batten Siding Cost,Siding,10600,8500,27300,0,A,105,105,
https://www.homeadvisor.com/cost/lawn-and-garden/trim-a-palm-tree/,Palm Tree Trimming Cost,Landscaping/lawn care,375,125,800,0,A,8,45,
https://www.homeadvisor.com/cost/swimming-pools-hot-tubs-and-saunas/pool-filters/,Pool Filter Cost,,1125,250,2000,0,A,,,
https://www.homeadvisor.com/cost/landscape/pond-cleaning-maintenance/,Pond Maintenance Cost,Landscaping/lawn care,2000,450,5000,0,A,8,45,
https://www.homeadvisor.com/cost/siding/shou-sugi-ban/,Shou Sugi Ban Siding Cost,Siding,22000,7000,33000,0,A,105,105,
https://www.homeadvisor.com/cost/plumbing/propane-tank-installation/,Propane Tank Installation Cost,Plumbing,1400,600,2500,0,A,5,255,
https://www.homeadvisor.com/cost/lawn-and-garden/install-a-sprinkler-system/,Lawn Sprinkler System Cost Calculator,Landscaping/lawn care,3521,2779,4576,8234,A,8,45,
https://www.homeadvisor.com/cost/fencing/install-a-fence/,Fence Installation Cost,Fencing,3730,2062,5421,36604,A,55,175,
https://www.homeadvisor.com/cost/architects-and-engineers/hire-an-architect/,Hiring an Architect Cost,,6628,2190,11550,1642,A,,,
https://www.homeadvisor.com/cost/lawn-and-garden/drip-irrigation-system/,Drip Irrigation System Cost,Landscaping/lawn care,350,200,850,0,A,8,45,
https://www.homeadvisor.com/cost/landscape/install-turf/,Artificial Grass Cost,Landscaping/lawn care,7500,3799,11201,2287,A,8,45,
https://www.homeadvisor.com/cost/storage-and-organization/move-a-piano/,Piano Moving Cost,,426,259,593,728,A,,,
https://www.homeadvisor.com/cost/landscape/reslope-a-lawn/,Lawn Leveling Service,Landscaping/lawn care,2430,1147,3713,5376,A,8,45,
https://www.homeadvisor.com/cost/siding/wood-siding-repair/,Wood Siding Repair Cost,Siding,1628,1089,2454,2642,A,105,105,
https://www.homeadvisor.com/cost/swimming-pools-hot-tubs-and-saunas/repair-a-swimming-pool/,Pool Repair Cost,,1573,584,2602,4644,A,,,
https://www.homeadvisor.com/cost/electrical/install-a-lighting-fixture/,Light Fixture Replacement Costs,Electrical,515,165,869,5284,A,10,175,
https://www.homeadvisor.com/cost/energy-efficiency/hire-a-home-energy-auditor/,Home Energy Audit Cost,,437,212,698,817,A,,,
https://www.homeadvisor.com/cost/walls-and-ceilings/stamped-concrete-wall/,Stamped Concrete Wall Cost Calculator,,6867,3161,10682,69,A,,,
https://www.homeadvisor.com/cost/heating-and-cooling/install-a-furnace/,Furnace Replacement Cost Calculator,HVAC (AC/Heating),5576,3742,7475,12222,A,10,325,
https://www.homeadvisor.com/cost/lawn-and-garden/tree-removal/,Tree Removal Cost,Landscaping/lawn care,750,200,2000,0,A,8,45,
https://www.homeadvisor.com/cost/plumbing/install-a-water-heater/,Water Heater Replacement Costs,Plumbing,1347,882,1826,34907,A,5,255,
https://www.homeadvisor.com/cost/heating-and-cooling/install-insulation/,Batt and Roll Insulation Cost,HVAC (AC/Heating),2123,1269,3015,7611,A,10,325,
https://www.homeadvisor.com/cost/cabinets-and-countertops/regrout-tile/,Regrouting a shower costs,,1500,600,2500,0,A,,,
https://www.homeadvisor.com/cost/outdoor-living/seal-a-deck/,Deck Sealing Cost,,837,473,1201,9677,A,,,
https://www.homeadvisor.com/cost/roofing/asphalt-shingle-roof-repair/,Asphalt Shingle Roof Repair Cost,Roofing,789,396,1196,40695,A,15,550,
https://www.homeadvisor.com/cost/swimming-pools-hot-tubs-and-saunas/infinity-pool-costs/,Infinity Pool Cost,,95000,65000,150000,0,A,,,
https://www.homeadvisor.com/cost/roofing/shingle-roof-estimator/,Roof Shingling Cost,Roofing,10500,7500,24000,0,A,15,550,
https://www.homeadvisor.com/cost/siding/install-trim/,Trim Installation Cost,Siding,1677,837,2605,8433,A,105,105,
https://www.homeadvisor.com/cost/landscape/install-a-retaining-wall/,Retaining Wall Cost,Landscaping/lawn care,6066,3193,9194,2572,A,8,45,
https://www.homeadvisor.com/cost/swimming-pools-hot-tubs-and-saunas/hot-tub-prices/,Hot Tub Cost,,6000,2000,11000,0,A,,,
https://www.homeadvisor.com/cost/outdoor-living/poured-rubber-playground-surface/,Rubber Playground Flooring Cost,,3300,2450,4150,0,A,,,
https://www.homeadvisor.com/cost/swimming-pools-hot-tubs-and-saunas/above-ground-pool/,Pool Deck Cost,,5000,3000,12000,0,A,,,
https://www.homeadvisor.com/cost/bathrooms/install-a-vanity/,Bathroom Vanity Installation Cost,Remodeling/general contracting,1500,300,2200,0,A,90,150,
https://www.homeadvisor.com/cost/swimming-pools-hot-tubs-and-saunas/fiberglass-pool/,Fiberglass Pool Cost,,33270,25065,48995,70,A,,,
https://www.homeadvisor.com/cost/stairs-and-railings/cable-railings/,Cable Railings Cost,,9000,3750,13000,0,A,,,
https://www.homeadvisor.com/cost/outdoor-living/build-outdoor-fireplace/,Outdoor Fireplace Cost,,3000,1500,8000,0,A,,,
https://www.homeadvisor.com/cost/painting/paint-trim-baseboards/,Baseboard Painting Cost,,1000,700,2500,0,A,,,
https://www.homeadvisor.com/cost/environmental-safety/remove-asbestos/,Asbestos Removal Cost,,6347,4872,7988,3815,A,,,